num_training_step_calls_per_iteration,num_env_steps_sampled_lifetime,done,training_iteration,trial_id,date,timestamp,time_this_iter_s,time_total_s,pid,hostname,node_ip,time_since_restore,iterations_since_restore,timers/training_iteration,timers/restore_env_runners,timers/training_step,timers/env_runner_sampling_timer,timers/learner_update_timer,timers/synch_weights,env_runners/num_episodes,env_runners/episode_len_max,env_runners/episode_return_mean,env_runners/sample,env_runners/episode_return_max,env_runners/env_to_module_sum_episodes_length_out,env_runners/time_between_sampling,env_runners/env_reset_timer,env_runners/num_env_steps_sampled,env_runners/num_env_steps_sampled_lifetime,env_runners/num_episodes_lifetime,env_runners/env_step_timer,env_runners/episode_len_min,env_runners/weights_seq_no,env_runners/rlmodule_inference_timer,env_runners/episode_return_min,env_runners/episode_len_mean,env_runners/env_to_module_sum_episodes_length_in,env_runners/episode_duration_sec_mean,env_runners/connector_pipeline_timer,env_runners/num_env_steps_sampled_lifetime_throughput,fault_tolerance/num_healthy_workers,fault_tolerance/num_remote_worker_restarts,env_runner_group/actor_manager_num_outstanding_async_reqs,perf/cpu_util_percent,perf/ram_util_percent,env_runners/module_to_env_connector/connector_pipeline_timer,env_runners/agent_episode_returns_mean/vehicle_3,env_runners/agent_episode_returns_mean/vehicle_1,env_runners/agent_episode_returns_mean/vehicle_0,env_runners/agent_episode_returns_mean/vehicle_2,env_runners/num_agent_steps_sampled_lifetime/vehicle_1,env_runners/num_agent_steps_sampled_lifetime/vehicle_0,env_runners/num_agent_steps_sampled_lifetime/vehicle_2,env_runners/num_agent_steps_sampled_lifetime/vehicle_3,env_runners/num_module_steps_sampled_lifetime/shared_policy,env_runners/env_to_module_connector/connector_pipeline_timer,env_runners/agent_steps/vehicle_3,env_runners/agent_steps/vehicle_1,env_runners/agent_steps/vehicle_0,env_runners/agent_steps/vehicle_2,env_runners/num_agent_steps_sampled/vehicle_3,env_runners/num_agent_steps_sampled/vehicle_1,env_runners/num_agent_steps_sampled/vehicle_0,env_runners/num_agent_steps_sampled/vehicle_2,env_runners/module_episode_returns_mean/shared_policy,env_runners/num_module_steps_sampled/shared_policy,learners/shared_policy/module_train_batch_size_mean,learners/shared_policy/num_module_steps_trained_lifetime,learners/shared_policy/weights_seq_no,learners/shared_policy/policy_loss,learners/shared_policy/diff_num_grad_updates_vs_sampler_policy,learners/shared_policy/vf_loss,learners/shared_policy/num_module_steps_trained,learners/shared_policy/vf_explained_var,learners/shared_policy/curr_kl_coeff,learners/shared_policy/mean_kl_loss,learners/shared_policy/entropy,learners/shared_policy/default_optimizer_learning_rate,learners/shared_policy/num_trainable_parameters,learners/shared_policy/vf_loss_unclipped,learners/shared_policy/curr_entropy_coeff,learners/shared_policy/total_loss,learners/shared_policy/gradients_default_optimizer_global_norm,learners/shared_policy/num_module_steps_trained_lifetime_throughput,learners/__all_modules__/num_module_steps_trained_lifetime,learners/__all_modules__/num_non_trainable_parameters,learners/__all_modules__/num_env_steps_trained_lifetime,learners/__all_modules__/num_env_steps_trained,learners/__all_modules__/num_module_steps_trained,learners/__all_modules__/num_trainable_parameters,learners/__all_modules__/learner_connector_sum_episodes_length_out,learners/__all_modules__/learner_connector_sum_episodes_length_in,learners/__all_modules__/num_env_steps_trained_lifetime_throughput,learners/__all_modules__/num_module_steps_trained_throughput,learners/__all_modules__/num_module_steps_trained_lifetime_throughput,env_runners/timers/connectors/numpy_to_tensor,env_runners/timers/connectors/batch_individual_items,env_runners/timers/connectors/agent_to_module_mapping,env_runners/timers/connectors/add_observations_from_episodes_to_batch,env_runners/timers/connectors/add_states_from_episodes_to_batch,env_runners/timers/connectors/add_time_dim_to_batch_and_zero_pad,learners/__all_modules__/learner_connector/connector_pipeline_timer,env_runners/module_to_env_connector/timers/connectors/remove_single_ts_time_rank_from_batch,env_runners/module_to_env_connector/timers/connectors/un_batch_to_individual_items,env_runners/module_to_env_connector/timers/connectors/normalize_and_clip_actions,env_runners/module_to_env_connector/timers/connectors/get_actions,env_runners/module_to_env_connector/timers/connectors/module_to_agent_unmapping,env_runners/module_to_env_connector/timers/connectors/listify_data_for_vector_env,env_runners/module_to_env_connector/timers/connectors/tensor_to_numpy,env_runners/env_to_module_connector/timers/connectors/add_observations_from_episodes_to_batch,env_runners/env_to_module_connector/timers/connectors/add_states_from_episodes_to_batch,env_runners/env_to_module_connector/timers/connectors/add_time_dim_to_batch_and_zero_pad,env_runners/env_to_module_connector/timers/connectors/agent_to_module_mapping,env_runners/env_to_module_connector/timers/connectors/numpy_to_tensor,env_runners/env_to_module_connector/timers/connectors/batch_individual_items,learners/__all_modules__/learner_connector/timers/connectors/agent_to_module_mapping,learners/__all_modules__/learner_connector/timers/connectors/add_observations_from_episodes_to_batch,learners/__all_modules__/learner_connector/timers/connectors/add_states_from_episodes_to_batch,learners/__all_modules__/learner_connector/timers/connectors/add_time_dim_to_batch_and_zero_pad,learners/__all_modules__/learner_connector/timers/connectors/batch_individual_items,learners/__all_modules__/learner_connector/timers/connectors/add_columns_from_episodes_to_train_batch,learners/__all_modules__/learner_connector/timers/connectors/numpy_to_tensor,learners/__all_modules__/learner_connector/timers/connectors/add_one_ts_to_episodes_and_truncate,learners/__all_modules__/learner_connector/timers/connectors/general_advantage_estimation
1,6000.0,False,1,b650b_00000,2025-06-25_20-07-42,1750907262,1.637413740158081,1.637413740158081,32287,MacBook-Pro.local,127.0.0.1,1.637413740158081,1,1.6355364999981248,1.3290999049786478e-05,1.6354128750026575,0.604093665999244,1.0291517919977196,0.000981417004368268,14.0,237,-3402.410528245296,0.13246891437193464,-2791.667997956276,63.034713079505174,0.00973206705452113,9.406249955645762e-05,2000.0,6000.0,44.0,0.00010161662808414013,80,0.0,6.703017253908266e-05,-5251.9936658144,116.70454545454545,63.034713079505174,0.06429025854578702,0.0005081250019429717,2102.0072803611424,2,0,0,10.966666666666667,52.6,0.0001774012071570256,-765.1916205774654,-820.5039518448443,-1063.9840097020972,-752.730958952145,4481.0,5808.0,4220.0,4298.0,18807.0,6.575657260139794e-05,85.0681818181818,87.93181818181819,113.72727272727273,83.45454545454545,1352.0,1423.0,1932.0,1320.9999999999998,-1460.63496110656,6028.0,128.0,61824,1.0,0.08670716,1.0,9.920643,61824,-0.00039601326,0.20000000298023224,0.01514842,1.2899454,0.0003,149763,17097.465,0.01,9.99748,0.28647405,73286.78916894677,61824,0,966000,966000,61824,149763,2000,2000,1145091.4141132587,73286.47827705192,73286.3839758772,4.837499727727845e-05,5.033349953009747e-05,1.7395999748259783e-05,6.43335006316192e-05,5.749996489612386e-06,1.5207999240374193e-05,0.17133191699394956,6.902591863764962e-07,1.2149195404307518e-05,4.061183175756786e-05,5.600176439692812e-05,1.6313687385273977e-06,5.5334801787963045e-06,2.5281791180125467e-05,1.2181406470967901e-05,1.679270658777155e-06,2.6515654655306332e-06,2.4569869745992063e-06,1.1190771840284252e-05,8.310188708272499e-06,0.0025911660050041974,0.0003268329965067096,3.7909994716756046e-06,1.654199877521023e-05,0.10899974999483675,0.04028745899995556,0.00012566600344143808,0.004507332996581681,0.014256707996537443
1,8000.0,False,2,b650b_00000,2025-06-25_20-07-43,1750907263,1.5431911945343018,3.180604934692383,32287,MacBook-Pro.local,127.0.0.1,3.180604934692383,2,1.6345941358281562,1.3228919124230743e-05,1.6344700912526604,0.6043849739192229,1.0279205719977471,0.000980669084310648,15.0,297,-3307.7976111662388,0.13121783290651587,-2383.8851038217545,81.63793309028736,0.020119027080954567,9.406249955645762e-05,2000.0,8000.0,59.0,0.00010665082192341957,81,1.0,8.853763392607575e-05,-5920.167691111565,134.98,81.63793309028736,0.07035583755932748,0.0005081250019429717,2101.5600295308327,2,0,0,16.5,52.6,0.00013377497540951707,-641.6525286507607,-841.7019398140907,-985.8938154256343,-838.5493320059776,6004.0,7340.0,5750.0,5451.0,24545.0,6.147461083306921e-05,84.12,100.3,111.52000000000002,100.9,1153.0,1523.0,1532.0,1530.0,-2099.007170846462,5738.0,128.0,120576,2.0,0.13255052,1.0,9.901256,58752,-0.0068598986,0.20000000298023224,0.017756129,1.2213836,0.0003,149763,15236.774,0.01,10.025144,0.76359874,73227.33407573216,120576,0,1884000,918000,58752,149763,2000.0,2000.0,1144159.3829296723,73226.93848716746,73226.79360291518,4.837499727727845e-05,5.033349953009747e-05,1.7395999748259783e-05,6.43335006316192e-05,5.749996489612386e-06,1.5207999240374193e-05,0.17045789324401994,6.575531276961213e-07,1.1085569552870608e-05,3.280857922117488e-05,3.541237616345254e-05,1.5978286455598267e-06,5.07307592502414e-06,1.613692548784501e-05,1.1479060744888174e-05,1.6249906567335582e-06,2.525695421459632e-06,2.378465072264317e-06,9.540031481680334e-06,7.833949346728883e-06,0.0025894076749682425,0.00032619091653032225,3.7764295120723547e-06,1.646991884626914e-05,0.10818741874492843,0.0402509848200134,0.00012522184340923558,0.0045025296666426585,0.014240420086571249
1,10000.0,False,3,b650b_00000,2025-06-25_20-07-45,1750907265,1.5752308368682861,4.755835771560669,32287,MacBook-Pro.local,127.0.0.1,4.755835771560669,3,1.633981856139894,1.3143709962605498e-05,1.6338576282501125,0.6045896196000351,1.027106103357822,0.0009792640534833483,14.0,297,-3067.9855937850475,0.1303970129360947,-2032.046174645424,69.37546617583266,0.028951728831759428,9.406249955645762e-05,2000.0,10000.0,73.0,0.00010673754622245411,82,2.0,8.141163237264937e-05,-5920.167691111565,140.35999999999999,69.37546617583266,0.07749741758074379,0.0005081250019429717,2072.976084409003,2,0,0,15.3,52.650000000000006,0.00013420147120986713,-582.9822966766358,-870.35153390646,-855.6454490458965,-759.006321709156,7791.0,8943.0,7075.0,6763.0,30572.0,6.128029153031232e-05,91.48,119.36,110.86000000000001,101.24,1312.0,1787.0,1603.0,1325.0,-1662.6781222558025,6027.0,128.0,182400,3.0,0.26233038,1.0,10.0,61824,-0.014742017,0.20000000298023224,0.018977188,1.1930314,0.0003,149763,11012.956,0.01,10.254196,0.28350312,73193.15172719033,182400,0,2850000,966000,61824,149763,2000.0,2000.0,1143621.5898950172,73192.7506453136,73192.36960204311,4.837499727727845e-05,5.033349953009747e-05,1.7395999748259783e-05,6.43335006316192e-05,5.749996489612386e-06,1.5207999240374193e-05,0.16966469222159503,6.256839517568518e-07,1.1572638976180283e-05,3.4716425353767085e-05,3.43831298689619e-05,1.5545967996445828e-06,5.234353985764591e-06,1.5867410193066602e-05,1.1736683426365131e-05,1.6120997573047674e-06,2.502987875163611e-06,2.4378204938035872e-06,9.237536608592698e-06,7.924692516906632e-06,0.0025916419281595154,0.00032572984737635124,3.764495230279863e-06,1.6416889672836988e-05,0.10740685788746195,0.040254309971796465,0.00012480920492744188,0.004502036449968,0.014224694635726336
1,12000.0,False,4,b650b_00000,2025-06-25_20-07-47,1750907267,1.7116892337799072,6.467525005340576,32287,MacBook-Pro.local,127.0.0.1,6.467525005340576,4,1.6347389738284404,1.3061022797628537e-05,1.6346144619675766,0.6045791954840007,1.027873981904274,0.0009780260029704734,21.000000000000004,223,-2125.727599030733,0.12943368628346463,-1448.9462344646454,46.88016964822335,0.037401523166888696,9.406249955645762e-05,2000.0,12000.0,94.0,0.00010921416260001822,74,3.0,6.0885212731175487e-05,-3862.265799164772,104.22,46.88016964822335,0.05551906836015404,0.0005081250019429717,1990.1118083007298,2,0,0,19.966666666666665,52.76666666666667,0.00014113179505295624,-409.6415141952038,-576.0146250534058,-640.0889540410042,-499.9825030708313,9637.0,10756.0,8749.0,8480.0,37621.99999999999,6.227319175323794e-05,83.8,96.6,97.42,80.98,1717.0,1845.9999999999998,1813.0,1674.0000000000002,-992.4145699512959,7050.0,128.0,254976,4.0,-0.009055516,1.0,9.845049,72576,0.006641507,0.20000000298023224,0.009867981,1.1361684,0.0003,149763,6256.2583,0.01,9.826605,0.4185934,73175.610872324,254976,0,3984000,1134000,72576,149763,2000.0,2000.0,1143346.3438081022,73175.23351080029,73174.84513401183,4.837499727727845e-05,5.033349953009747e-05,1.7395999748259783e-05,6.43335006316192e-05,5.749996489612386e-06,1.5207999240374193e-05,0.1690056323893379,6.248064529220895e-07,1.2784715341131685e-05,3.943270231586201e-05,3.4479444711936784e-05,1.5662623792301363e-06,5.732776217419026e-06,1.6076978335700928e-05,1.2359897120094444e-05,1.6189376199192457e-06,2.496950066975114e-06,2.5280548243902137e-06,9.202056038636396e-06,8.256411752945352e-06,0.0025946180088547116,0.00032786462895906883,3.7535102597903463e-06,1.6356890734030456e-05,0.10667333763864671,0.040312576872082624,0.00012439694287467136,0.0045096523355069515,0.014229697689378153
1,14000.0,False,5,b650b_00000,2025-06-25_20-07-48,1750907268,1.7372939586639404,8.204818964004517,32287,MacBook-Pro.local,127.0.0.1,8.204818964004517,5,1.6357426199201532,1.2991662599482512e-05,1.6356177465178907,0.6045451935292085,1.0289130108352451,0.0009763078229552657,21.000000000000004,137,-1764.5250220346454,0.12861088407977486,-1351.4484890699387,48.07368632600701,0.04688262592842722,9.406249955645762e-05,2000.0,14000.0,114.99999999999999,0.00011174855976270517,74,4.0,6.242916165415261e-05,-2496.347525000572,93.92,48.07368632600701,0.050750072319060556,0.0005081250019429717,1952.2524387190952,2,0,0,23.6,53.05,0.000140489885100355,-316.6447901248932,-457.2119126486778,-502.2114128398896,-488.45691725492475,11450.0,12520.0,10562.0,10244.0,44775.99999999999,6.229190840539397e-05,83.08,88.26000000000002,83.08,88.26000000000002,1764.0000000000002,1813.0,1764.0000000000002,1813.0,-709.8057729291916,7153.999999999999,128.0,328576,5.0,-0.051175974,1.0,9.862638,73600,0.013841689,0.20000000298023224,0.01600013,1.0957104,0.0003,149763,5047.411,0.01,9.803704,0.34917495,73156.88541649017,328576,0,5134000,1150000,73600,149763,2000.0,2000.0,1143054.4418949098,73156.53399299788,73156.1594737947,4.837499727727845e-05,5.033349953009747e-05,1.7395999748259783e-05,6.43335006316192e-05,5.749996489612386e-06,1.5207999240374193e-05,0.1683874748153867,6.239141528190338e-07,1.297429115392191e-05,3.9294914310806245e-05,3.400312371200781e-05,1.5715470007079289e-06,5.759394328553402e-06,1.603505598463572e-05,1.235122674133096e-05,1.6173333179336368e-06,2.473221026745412e-06,2.5264521640396818e-06,9.177628601922536e-06,8.243438407750213e-06,0.0025989351588114372,0.00032830848271095457,3.7393051514844415e-06,1.6289991873022443e-05,0.10595875759221018,0.04038090360342177,0.0001240671434597817,0.004518966232131712,0.014244993212520488
1,16000.0,False,6,b650b_00000,2025-06-25_20-07-50,1750907270,1.827054738998413,10.03187370300293,32287,MacBook-Pro.local,127.0.0.1,10.03187370300293,6,1.6376334320509311,1.2911745917654899e-05,1.6375084007127108,0.6045557857639529,1.0307928153068604,0.0009749480747193111,23.0,216,-1279.3189425563812,0.1278485422308017,-886.1383699178696,49.116414780075246,0.05617898401299577,9.406249955645762e-05,2000.0,16000.0,137.99999999999997,0.00010792162977160932,64,5.0,6.16956235289003e-05,-2496.347525000572,87.92,49.116414780075246,0.0473677868595405,0.0005081250019429717,1954.1010990418742,2,0,0,18.166666666666668,53.4,0.0001397624317641859,-149.42245547294615,-379.2506388282776,-382.2514027476311,-368.39444373369224,13308.999999999996,14223.999999999998,12385.999999999998,11947.999999999998,51867.00000000001,6.181826637896176e-05,78.18,81.07999999999998,78.18,80.38,1704.0000000000002,1859.0000000000002,1704.0000000000002,1824.0000000000002,-462.82581322431565,7091.000000000001,128.0,401664,6.0,-0.0427956,1.0,9.7559805,73088,0.0012366176,0.20000000298023224,0.017272303,0.9873922,0.0003,149763,3310.0652,0.01,9.706764,0.77258116,73049.69416929198,401664,0,6276000,1142000,73088,149763,2000.0,2000.0,1141380.6510925398,73049.36898521509,73049.03212729128,4.837499727727845e-05,5.033349953009747e-05,1.7395999748259783e-05,6.43335006316192e-05,5.749996489612386e-06,1.5207999240374193e-05,0.16857211381724707,6.358743144393218e-07,1.2727284791680918e-05,3.8786839130675865e-05,3.403979824436057e-05,1.5722037935526196e-06,5.669258528589036e-06,1.6051811330519193e-05,1.21369099322736e-05,1.6119705896420852e-06,2.4657224834157592e-06,2.4756039606339796e-06,9.202288751819999e-06,8.15546329156347e-06,0.0026044703872681115,0.0003288466479496569,3.72858204984481e-06,1.625376201078058e-05,0.10604411084634219,0.04045394456736483,0.00012389563201431272,0.00452881322978861,0.01425641286034889
1,18000.0,False,7,b650b_00000,2025-06-25_20-07-52,1750907272,1.7800958156585693,11.811969518661499,32287,MacBook-Pro.local,127.0.0.1,11.811969518661499,7,1.639038018980436,1.2831798434160512e-05,1.638912818785595,0.6045207858263305,1.0322333059037858,0.0009724881739979446,25.0,216,-861.6927571630478,0.12710661758101308,-498.21404933929443,36.65222513886338,0.0658850542963443,9.406249955645762e-05,2000.0,18000.0,162.99999999999997,0.0001087427941259477,64,6.0,6.303342776445083e-05,-2302.7684687376022,82.02,36.65222513886338,0.04407170825987123,0.0005081250019429717,1896.8653163704782,2,0,0,14.5,53.3,0.00014234700891479387,-17.745385382175446,-268.9380717349053,-274.95904020786287,-300.0502581214905,15190.0,16015.000000000002,14267.0,13739.000000000002,59211.000000000015,6.292482226256939e-05,71.66000000000001,78.32,71.66000000000001,77.62,1790.9999999999998,1880.9999999999998,1790.9999999999998,1880.9999999999998,-256.95353868484494,7343.999999999999,128.0,477568,7.0,-0.17338395,1.0,9.389786,75904,0.04170227,0.20000000298023224,0.0121553,0.94634587,0.0003,149763,1687.4563,0.01,9.209369,1.2658103,72996.2463046559,477568,0,7462000,1186000,75904,149763,2000.0,2000.0,1140545.0133957202,72995.90724125605,72995.56005551982,4.837499727727845e-05,5.033349953009747e-05,1.7395999748259783e-05,6.43335006316192e-05,5.749996489612386e-06,1.5207999240374193e-05,0.16800164226907693,6.273962245588193e-07,1.3239575663796772e-05,4.070878523692599e-05,3.374758547923267e-05,1.5795787420569164e-06,5.888955731684842e-06,1.5984924800819672e-05,1.2573333447682356e-05,1.6330403132637e-06,2.4992143538723957e-06,2.5398133790118425e-06,9.285010994809372e-06,8.352704605987194e-06,0.0026094881833792485,0.0003306727615236472,3.720876271228944e-06,1.61970643991458e-05,0.10535897890785514,0.04053677429169615,0.00012350001564308456,0.004542590097513834,0.01426879498171331
1,20000.0,False,8,b650b_00000,2025-06-25_20-07-54,1750907274,1.7006330490112305,13.51260256767273,32287,MacBook-Pro.local,127.0.0.1,13.51260256767273,8,1.639631915870605,1.2745150441151945e-05,1.639506602267723,0.6043871558880455,1.0329618390947548,0.0009702849622349605,21.000000000000004,189,-724.6132800173759,0.12632431384684656,-444.3011897802353,45.30104394156645,0.07466989840721885,9.406249955645762e-05,2000.0,20000.0,184.00000000000003,0.00010741765610821407,70,7.0,6.174846159886242e-05,-996.8068820238113,91.86000000000004,45.30104394156645,0.048441165719705165,0.0005081250019429717,1884.1663501925573,2,0,0,13.366666666666667,53.29999999999999,0.000139384828247931,41.436984174251556,-221.0519866538048,-261.55325859785074,-283.4450189781189,17108.0,17544.999999999996,16177.0,15268.999999999996,66098.99999999999,6.222380853155334e-05,70.56,89.18,70.56,88.7,1530.0,1918.0,1530.0,1910.0,-117.01306549310686,6888.0,128.0,548608,8.0,-0.062855944,1.0,9.345118,71040,0.042706132,0.20000000298023224,0.019223094,0.86586434,0.0003,149763,1491.3086,0.01,9.277448,0.700103,72958.016857521,548608,0,8572000,1110000,71040,149763,2000.0,2000.0,1139948.9123665164,72957.78007749663,72957.43345867508,4.837499727727845e-05,5.033349953009747e-05,1.7395999748259783e-05,6.43335006316192e-05,5.749996489612386e-06,1.5207999240374193e-05,0.16736864709643748,6.228942500380743e-07,1.2860088189870341e-05,3.896990391221143e-05,3.360192340123039e-05,1.585755523174933e-06,5.68361655630782e-06,1.5808692990779322e-05,1.2366817527259939e-05,1.611391933185333e-06,2.4982892893507588e-06,2.5419318850241935e-06,9.09006276870834e-06,8.197643253631851e-06,0.0026125395515626763,0.0003313947838807598,3.7074174710821434e-06,1.6131343760453566e-05,0.10464612994877383,0.04059893487882494,0.00012302751547193881,0.004550547116552669,0.014276466191857401
1,22000.0,False,9,b650b_00000,2025-06-25_20-07-55,1750907275,1.6807889938354492,15.193391561508179,32287,MacBook-Pro.local,127.0.0.1,15.193391561508179,9,1.640021843381916,1.2668528922152263e-05,1.6398962787449947,0.6042848005791878,1.0334548857038215,0.0009686171126042616,21.000000000000004,189,-500.07626200199127,0.12556333857675478,-201.79795861244202,43.52708208875439,0.08234287707814042,9.406249955645762e-05,2000.0,22000.0,205.0,0.00010582722474891768,70,8.0,6.18934802954769e-05,-978.0137264728546,92.56000000000002,43.52708208875439,0.04924110745996586,0.0005081250019429717,1882.2108567093128,2,0,0,14.7,53.3,0.00014039019743579683,95.23780744314196,-197.347876060009,-192.1284622716904,-205.83773271560665,18968.000000000004,19105.0,18003.0,16834.0,72910.0,6.215398787765319e-05,75.06,87.85999999999999,74.96,87.18,1565.0,1860.0,1560.0,1825.9999999999998,-102.14688454389572,6811.000000000001,128.0,618752,9.0,-0.058454037,1.0,9.44612,70144,0.079437196,0.20000000298023224,0.018569091,0.81913215,0.0003,149763,1286.9436,0.01,9.383187,0.734016,72850.89047527881,618752,0,9668000,1096000,70144,149763,2000.0,2000.0,1138263.8178216675,72850.49740857151,72849.98400698579,4.837499727727845e-05,5.033349953009747e-05,1.7395999748259783e-05,6.43335006316192e-05,5.749996489612386e-06,1.5207999240374193e-05,0.16672672146545134,6.200499787730908e-07,1.2682346702074339e-05,3.873133481799308e-05,3.486071499841358e-05,1.5764952203065955e-06,5.675193820726793e-06,1.6054897666157626e-05,1.2280587935676089e-05,1.604625957101751e-06,2.5069796767768654e-06,2.4887038699693995e-06,9.258530721939586e-06,8.226596753162233e-06,0.002615152486048992,0.00033200583602465284,3.692423281145204e-06,1.6071280366220724e-05,0.10394310030928935,0.04064792053006635,0.0001227080703027337,0.00455914873542341,0.014278135279967666
1,24000.0,False,10,b650b_00000,2025-06-25_20-07-57,1750907277,1.7164678573608398,16.90985941886902,32287,MacBook-Pro.local,127.0.0.1,16.90985941886902,10,1.6407680832880907,1.2586843611785061e-05,1.6406423851275458,0.6041133834034073,1.034373018096827,0.0009677642814399303,18.999999999999996,190,-215.52124227523802,0.12482165319462049,35.66057801246643,50.18296374782175,0.089430159585399,9.406249955645762e-05,2000.0,24000.0,224.00000000000006,0.00010578972980569212,65,9.0,6.1020733363462726e-05,-586.0960339307785,107.94,50.18296374782175,0.056941054058552265,0.0005081250019429717,1896.908146682229,2,0,0,13.566666666666665,53.29999999999999,0.00013970344026466368,167.4310273432732,-108.42596149206162,-169.90280511140824,-104.62350026845932,20871.000000000004,20453.999999999996,19899.999999999993,18182.999999999996,79408.0,6.266010732379074e-05,75.01999999999998,102.56,74.91999999999999,100.96,1349.0000000000002,1903.0,1349.0000000000002,1897.0,-8.158218700885776,6498.0,128.0,685696,10.0,-0.024988737,1.0,9.52581,66944,0.13406956,0.20000000298023224,0.016505873,0.7855591,0.0003,149763,1115.6736,0.01,9.496267,1.2615705,72767.49132389062,685696,0,10714000,1046000,66944,149763,2000.0,2000.0,1136967.5810716308,72767.29032717727,72766.79184543286,4.837499727727845e-05,5.033349953009747e-05,1.7395999748259783e-05,6.43335006316192e-05,5.749996489612386e-06,1.5207999240374193e-05,0.1668328734207824,6.400631772458051e-07,1.2280014757355808e-05,3.737486489085032e-05,3.5268798036308485e-05,1.5976454868467488e-06,5.50773545637713e-06,1.6279502795816742e-05,1.212134474025044e-05,1.6519857099049056e-06,2.5163776268575303e-06,2.493066539328157e-06,9.494314726579499e-06,8.202701215463916e-06,0.002617651791251773,0.00033201077766226427,3.6800790521438672e-06,1.6004737517095e-05,0.10401514597617213,0.04067653673475935,0.00012242098962689168,0.004563203078073186,0.014278463927157965
1,26000.0,False,11,b650b_00000,2025-06-25_20-07-59,1750907279,1.656182050704956,18.566041469573975,32287,MacBook-Pro.local,127.0.0.1,18.566041469573975,11,1.6409012712052262,1.2546395209096028e-05,1.640774923776251,0.6040096224793484,1.0346099091659051,0.0009671145586486034,18.999999999999996,236,40.49049950838089,0.1240813514748457,365.8693583011627,48.684735827525,0.09679574904415637,9.406249955645762e-05,2000.0,26000.0,243.00000000000006,0.00010348993707165082,65,10.0,6.188598139091682e-05,-370.40568125247955,103.92,48.684735827525,0.05439364911799203,0.0005081250019429717,1905.2773630382826,2,0,0,19.299999999999997,53.4,0.0001387989786121227,251.4521533823013,-23.676408398151402,-122.87253202438355,-64.41271352767944,22735.000000000004,21949.999999999996,21635.000000000004,19669.0,85988.99999999999,6.252024518512834e-05,77.8,98.60000000000002,78.24,91.36,1485.9999999999998,1864.0000000000002,1495.9999999999998,1735.0,129.14028248071673,6581.000000000001,128.0,753280,11.0,-0.0685211,1.0,9.332063,67584,0.25362754,0.20000000298023224,0.012723976,0.7172869,0.0003,149763,1199.5095,0.01,9.258913,2.6366646,72659.03343236439,753280,0,11770000,1056000,67584,149763,2000.0,2000.0,1135267.1603813807,72658.53015345384,72657.88004921826,4.837499727727845e-05,5.033349953009747e-05,1.7395999748259783e-05,6.43335006316192e-05,5.749996489612386e-06,1.5207999240374193e-05,0.16613972426655663,6.240605344004874e-07,1.2449743987511957e-05,3.7696470108240794e-05,3.469769521431342e-05,1.5757510480019076e-06,5.527932140761664e-06,1.6089308789335815e-05,1.2250659854117247e-05,1.6247896034260383e-06,2.5217306963154934e-06,2.513901500997951e-06,9.330456132602897e-06,8.205077351709346e-06,0.002620047353312201,0.00033182316987290114,3.6703683252902844e-06,1.593969013770516e-05,0.10330929910640688,0.040690598027386164,0.00012210302971909763,0.0045635472972592244,0.01427603303791643
1,28000.0,False,12,b650b_00000,2025-06-25_20-08-01,1750907281,1.6231260299682617,20.189167499542236,32287,MacBook-Pro.local,127.0.0.1,20.189167499542236,12,1.6407013259931231,1.2468431254895623e-05,1.6405744816284962,0.6038145054245517,1.0346024142343067,0.0009663046630151601,18.0,204,233.66257707834248,0.1232589082964282,754.5011076927185,54.652503458529075,0.1030395045816734,9.406249955645762e-05,2000.0,28000.0,261.0000000000001,9.783711268651083e-05,70,11.0,5.910813416505436e-05,-50.58256769180298,107.66,54.652503458529075,0.05546931499906349,0.0005081250019429717,1937.5391855209527,2,0,0,14.75,53.4,0.00013721811728962835,305.3430855178833,11.849160547256469,-16.733965783119203,-66.79570203065872,24547.999999999996,23444.000000000004,23244.999999999993,21186.000000000004,92422.99999999997,6.226749244916596e-05,87.47999999999998,97.36000000000004,86.48,87.98,1517.0,1813.0,1494.0000000000002,1610.0,240.502010679245,6433.999999999999,128.0,819328,12.0,0.017928848,1.0,9.585303,66048,0.20928544,0.20000000298023224,0.0083719175,0.66591156,0.0003,149763,1204.778,0.01,9.598248,3.8907433,72571.08398936674,819328,0,12802000,1032000,66048,149763,2000.0,2000.0,1133876.1111753557,72570.42551681507,72569.28796486727,4.837499727727845e-05,5.033349953009747e-05,1.7395999748259783e-05,6.43335006316192e-05,5.749996489612386e-06,1.5207999240374193e-05,0.1654644011838461,6.343772140174771e-07,1.2076747865551997e-05,3.68628869432687e-05,3.43880949207439e-05,1.563862186731998e-06,5.423478865248667e-06,1.5934807601988075e-05,1.2068885345690944e-05,1.6188745043650734e-06,2.525443318059354e-06,2.517279006374948e-06,9.29499824958274e-06,8.16415714114809e-06,0.0026222227097856318,0.0003317078581534026,3.6594946553656134e-06,1.5877793251145448e-05,0.10260107445537348,0.04072163121711815,0.00012185782946580555,0.004565595574303946,0.014275006047524961
1,30000.0,False,13,b650b_00000,2025-06-25_20-08-02,1750907282,1.7028610706329346,21.89202857017517,32287,MacBook-Pro.local,127.0.0.1,21.89202857017517,13,1.6413023527331925,1.2393326918240388e-05,1.6411753738921873,0.6035965716202628,1.035422443432021,0.0009650041163965802,17.0,218,472.44269482493394,0.12250914792704197,800.144972205162,47.90749993659273,0.1086975337899678,9.406249955645762e-05,2000.0,30000.0,278.00000000000017,9.991836210235744e-05,68,12.0,6.147733254878843e-05,40.834388256073,112.77999999999999,47.90749993659273,0.0583861532798619,0.0005081250019429717,1913.1596464503907,2,0,0,13.133333333333333,53.4,0.0001395531427848975,376.37058786153796,29.543111678361893,67.12777065515519,-0.5987749505043035,26241.0,25050.000000000007,24789.999999999993,22849.999999999996,98931.00000000001,6.296554192998136e-05,93.12,96.12,89.98,89.04,1664.0000000000002,1693.0,1605.9999999999998,1545.0,356.1933550691605,6508.0,128.0,886272,13.0,-0.111006334,1.0,9.369535,66944,0.17449409,0.30000001192092896,0.020242164,0.6230055,0.0003,149763,1446.5001,0.01,9.256348,3.2272282,72614.2224062904,886272,0,13848000,1046000,66944,149763,2000.0,2000.0,1134552.8715643575,72613.597897031,72612.5140182999,4.837499727727845e-05,5.033349953009747e-05,1.7395999748259783e-05,6.43335006316192e-05,5.749996489612386e-06,1.5207999240374193e-05,0.16556909967201627,6.293081408676017e-07,1.2592783176876726e-05,3.8200376317539074e-05,3.421377047379167e-05,1.5743902431978724e-06,5.613680254583043e-06,1.6080757722098934e-05,1.2411924657827149e-05,1.658154550895847e-06,2.537831987293613e-06,2.513220237889234e-06,9.299595793583436e-06,8.280989299996184e-06,0.002623372562691036,0.0003324928695962579,3.6428997155826725e-06,1.580568536158093e-05,0.1026866945408022,0.04074050198492412,0.00012149216118711239,0.004567610868555798,0.014272711397050579
1,32000.0,False,14,b650b_00000,2025-06-25_20-08-04,1750907284,1.5636789798736572,23.455707550048828,32287,MacBook-Pro.local,127.0.0.1,23.455707550048828,14,1.640505875865882,1.2321893612261429e-05,1.6403786855632128,0.6032822946540418,1.0349365660776741,0.0009685882452699361,17.0,223,612.840576826334,0.12174039477953438,1231.4190994501114,57.08069781086452,0.11488880522519122,9.406249955645762e-05,2000.0,32000.0,295.00000000000034,9.649948966696729e-05,98,13.0,5.876688831489826e-05,210.6304657459259,113.34,57.08069781086452,0.058085669379943285,0.0005081250019429717,1989.9635962406444,2,0,0,14.2,53.4,0.00013655303998121558,427.3974939751625,101.75029094934463,104.45565018773078,-20.762857351303097,27779.0,26660.999999999993,26201.999999999993,24531.999999999993,105173.99999999999,6.189397816387149e-05,98.9,89.5,94.76,81.99999999999999,1682.0,1538.0,1610.9999999999998,1412.0,463.5075220632553,6243.0,128.0,950528,14.0,0.14452752,1.0,9.312382,64256,0.21809852,0.30000001192092896,0.0055049267,0.69768125,0.0003,149763,1506.0334,0.01,9.451586,1.3084127,72621.79332276733,950528,0,14852000,1004000,64256,149763,2000.0,2000.0,1134671.0485500188,72621.04198058737,72619.92675262682,4.837499727727845e-05,5.033349953009747e-05,1.7395999748259783e-05,6.43335006316192e-05,5.749996489612386e-06,1.5207999240374193e-05,0.16487321783527253,6.320972172710505e-07,1.2044947798924607e-05,3.6356096507604705e-05,3.4227436135166735e-05,1.5845167033998044e-06,5.338716426546949e-06,1.5885609388022812e-05,1.2002880255177437e-05,1.6280999246059357e-06,2.509857475187641e-06,2.495021670926374e-06,9.260596905165059e-06,8.004383118399349e-06,0.0026251446670181797,0.00033225586094973354,3.632310699817009e-06,1.5731798459116244e-05,0.10198663551538574,0.04075171196509175,0.00012114140957217155,0.004568953509917086,0.014264193033103464
1,34000.0,False,15,b650b_00000,2025-06-25_20-08-05,1750907285,1.5901298522949219,25.04583740234375,32287,MacBook-Pro.local,127.0.0.1,25.04583740234375,15,1.6399818375171658,1.2244514664299693e-05,1.6398544549575824,0.6030295096274776,1.0346664499969098,0.0009669190228118464,17.0,210,771.2216738247871,0.1209541384472079,1291.4967325925827,49.28242434772389,0.11947122190759334,9.406249955645762e-05,2000.0,34000.0,312.00000000000034,9.965468048033125e-05,98,14.0,5.949497200728491e-05,313.52747094631195,121.93999999999997,49.28242434772389,0.06177293331886177,0.0005081250019429717,1983.8729253375618,2,0,0,14.65,53.4,0.0001374831260080571,422.0860609960557,166.11682955026626,140.59720927476883,42.42157420873643,29352.999999999993,28264.000000000004,27545.0,26233.0,111394.99999999997,6.207998482305965e-05,98.66,97.82,93.95999999999998,83.34,1700.9999999999998,1574.0000000000002,1603.0,1343.0,530.8936876106262,6221.000000000001,128.0,1014528,15.0,-0.02671515,1.0,9.47303,64000,0.17594802,0.30000001192092896,0.0053671673,0.6323414,0.0003,149763,1853.2664,0.01,9.441601,1.6531351,72485.63799455493,1014528,0,15852000,1000000,64000,149763,2000.0,2000.0,1132547.7763804684,72484.96048407877,72483.92727033985,4.837499727727845e-05,5.033349953009747e-05,1.7395999748259783e-05,6.43335006316192e-05,5.749996489612386e-06,1.5207999240374193e-05,0.1641701677468702,6.305852272863427e-07,1.2059171351301608e-05,3.6703407733249925e-05,3.451310042189172e-05,1.577199660880591e-06,5.483477332759579e-06,1.6077596960125407e-05,1.2133002803718348e-05,1.63011040306857e-06,2.4856338509674448e-06,2.4609834787699744e-06,9.311033437305141e-06,8.041493039226887e-06,0.0026262157203753647,0.0003321637123425246,3.6180675775927208e-06,1.565657044767304e-05,0.10128637750022808,0.0407582494254009,0.00012078082544165197,0.004569443974808188,0.014254983602778595
1,36000.0,False,16,b650b_00000,2025-06-25_20-08-07,1750907287,1.6480350494384766,26.693872451782227,32287,MacBook-Pro.local,127.0.0.1,26.693872451782227,16,1.6400439462319798,1.2172479534795044e-05,1.6399164499880092,0.602891413701251,1.0348669367469343,0.0009644256626165208,18.999999999999996,225,820.5250643849373,0.12030326332728807,1088.285924077034,46.07478368935365,0.12407537339978988,9.406249955645762e-05,2000.0,36000.0,331.00000000000045,0.00010361588187479136,98,15.0,6.043003997525078e-05,675.3084032535553,107.98,46.07478368935365,0.05602684593846787,0.0005081250019429717,1937.8774827010432,2,0,0,13.333333333333334,53.4,0.0001388772343264047,429.03682750463486,140.9078563642502,207.23765998840332,43.342718544006345,30870.0,29985.999999999996,28962.999999999996,28076.0,117894.99999999997,6.240600574052707e-05,99.15999999999998,83.56,92.59999999999998,77.64,1843.0,1517.0,1722.0,1418.0,542.3207451868058,6500.0,128.0,1081344,16.0,0.026072986,1.0,9.589618,66816,0.2444697,0.30000001192092896,0.013329841,0.57716906,0.0003,149763,1934.2911,0.01,9.613918,1.2329706,72443.53501374625,1081344,0,16896000,1044000,66816,149763,2000.0,2000.0,1131895.4272997486,72442.95391942382,72442.03201277636,4.837499727727845e-05,5.033349953009747e-05,1.7395999748259783e-05,6.43335006316192e-05,5.749996489612386e-06,1.5207999240374193e-05,0.16352375689936163,6.246435307594499e-07,1.2602274986822035e-05,3.8121634145748625e-05,3.4084654002217644e-05,1.574536312054887e-06,5.661674322957596e-06,1.5915279772944753e-05,1.2225713404938598e-05,1.6076733227226257e-06,2.4916990182807154e-06,2.4892359628371036e-06,9.326371974233139e-06,8.222002623053886e-06,0.0026290702231788867,0.0003323183252044962,3.6077168423854492e-06,1.5620414784032157e-05,0.10061409372527313,0.040784041101171654,0.00012037384720827037,0.0045725499550325,0.014250399176781838
1,38000.0,False,17,b650b_00000,2025-06-25_20-08-09,1750907289,1.729175090789795,28.42304754257202,32287,MacBook-Pro.local,127.0.0.1,28.42304754257202,17,1.6409118463596695,1.2101584724858932e-05,1.640784238828133,0.6028041949842808,1.035822394049467,0.000962568905989168,20.0,167,964.2869589555263,0.11982915646861023,1261.8091686964035,48.809172708613524,0.12886261640655927,9.406249955645762e-05,2000.0,38000.0,351.00000000000045,0.00010387463095191802,90,16.0,6.129633239019957e-05,721.6439806222916,101.76000000000002,48.809172708613524,0.05386898516022484,0.0005081250019429717,1922.7235310344859,2,0,0,15.65,53.4,0.00013927931582290512,438.4956535232067,169.83323104619978,254.14084810256958,101.8172271990776,32566.99999999999,31684.999999999993,30516.000000000004,29897.999999999993,124666.00000000001,6.258645562315467e-05,96.41999999999999,83.78,90.22,79.76,1822.0,1697.0,1699.0000000000002,1553.0,571.2846654045582,6771.000000000001,128.0,1150976,17.0,-0.016544845,1.0,9.7395315,69632,0.24545825,0.30000001192092896,0.006826866,0.60013527,0.0003,149763,2194.729,0.01,9.719033,1.379172,72260.69655316135,1150976,0,17984000,1088000,69632,149763,2000.0,2000.0,1129044.8101325962,72260.1815611741,72259.3535693822,4.837499727727845e-05,5.033349953009747e-05,1.7395999748259783e-05,6.43335006316192e-05,5.749996489612386e-06,1.5207999240374193e-05,0.16294021183033636,6.300043909857372e-07,1.2717344652974295e-05,3.854402235594492e-05,3.3885554011897805e-05,1.5739446214644797e-06,5.7059214891427236e-06,1.581513998198682e-05,1.236949155839553e-05,1.6208362770082804e-06,2.4952489706784766e-06,2.496134351076823e-06,9.24113093095968e-06,8.25773616366061e-06,0.002633916600951653,0.00033287597199754224,3.6037196621208338e-06,1.559213062943874e-05,0.09995556987803071,0.04083269235016652,0.00012010510872530051,0.004577843625469005,0.014267136014976091
1,40000.0,False,18,b650b_00000,2025-06-25_20-08-11,1750907291,1.7295007705688477,30.15254831314087,32287,MacBook-Pro.local,127.0.0.1,30.15254831314087,18,1.6417754924761208,1.2024318919706123e-05,1.6416475285298788,0.6025095580344297,1.0369795988590351,0.0009616202969700739,17.0,167,981.7295646238327,0.11923424851638835,1335.8826183080673,48.661861602417204,0.13419555270497296,9.406249955645762e-05,2000.0,40000.0,368.0000000000005,9.907230508147606e-05,94,17.0,5.897389255613232e-05,767.402965426445,108.1,48.661861602417204,0.055528383359196604,0.0005081250019429717,1944.1085955119713,2,0,0,14.4,53.4,0.00013658378134577114,447.52443056941047,154.63706887722014,264.21532366752626,115.35274295926094,34237.99999999998,33320.000000000015,32047.00000000001,31651.99999999999,131256.99999999997,6.185128834764692e-05,97.14000000000001,91.63999999999999,90.14000000000001,85.54,1754.0000000000002,1670.9999999999998,1635.0,1530.9999999999998,549.2455286872387,6591.000000000001,128.0,1218816,18.0,-0.08509658,1.0,9.4756365,67840,0.11624175,0.30000001192092896,0.008443009,0.57264143,0.0003,149763,2313.5479,0.01,9.387346,5.1658387,72055.14144084792,1218816,0,19044000,1060000,67840,149763,2000.0,2000.0,1125842.4290022247,72054.86934265944,72054.23299869342,4.837499727727845e-05,5.033349953009747e-05,1.7395999748259783e-05,6.43335006316192e-05,5.749996489612386e-06,1.5207999240374193e-05,0.1630954972119998,6.473841323265024e-07,1.2250136420449405e-05,3.668354248550071e-05,3.3851597953645194e-05,1.5633253243432358e-06,5.480228225875803e-06,1.583564121527733e-05,1.2114182344790855e-05,1.6224813242099373e-06,2.491478599474363e-06,2.4527437009570854e-06,9.140923238461612e-06,8.069915618981327e-06,0.002637570764968764,0.0003331730522407729,3.5930924377947904e-06,1.55445393098321e-05,0.10006453500927141,0.04086265583668513,0.00011976405763814995,0.0045831110192557185,0.014275580484839043
1,42000.0,False,19,b650b_00000,2025-06-25_20-08-12,1750907292,1.6569058895111084,31.809454202651978,32287,MacBook-Pro.local,127.0.0.1,31.809454202651978,19,1.6419053225513671,1.195448574764741e-05,1.641777012824542,0.6023538332840543,1.0372617103704407,0.0009632353440281498,20.0,175,1080.721306449175,0.11867513975066044,1335.8826183080673,44.98044874404566,0.13943528487224813,9.406249955645762e-05,2000.0,42000.0,388.00000000000045,0.00010093189418918362,90,18.0,6.149698054090515e-05,856.1750428676605,109.79999999999997,44.98044874404566,0.056945074219547684,0.0005081250019429717,1928.1664650721075,2,0,0,14.399999999999999,53.4,0.00013932947732698923,461.2185066628455,226.7899442577362,270.18078646898266,122.53206801056864,35866.99999999996,34959.000000000015,33519.00000000002,33442.999999999985,137787.99999999997,6.221742771669719e-05,96.64,91.67999999999998,89.11999999999998,80.50000000000001,1790.9999999999998,1629.0000000000002,1639.0000000000002,1472.0,599.6144967770575,6531.000000000001,128.0,1286016,19.0,-0.012288274,1.0,9.460591,67200,0.16953409,0.30000001192092896,0.007392686,0.58798844,0.0003,149763,2263.8064,0.01,9.444641,4.3504295,71993.39877866414,1286016,0,20094000,1050000,67200,149763,2000.0,2000.0,1124879.4056303047,71993.18264062815,71992.58298069486,4.837499727727845e-05,5.033349953009747e-05,1.7395999748259783e-05,6.43335006316192e-05,5.749996489612386e-06,1.5207999240374193e-05,0.16247074515991422,6.285820069320648e-07,1.2451742380340282e-05,3.7585864462014186e-05,3.477120733566398e-05,1.5749366072437762e-06,5.529950798355246e-06,1.6245728287103585e-05,1.2090363456544447e-05,1.6401561312292545e-06,2.4798354761528127e-06,2.476547466698411e-06,9.434716334847654e-06,8.110400138717474e-06,0.0026403967272868095,0.0003336563217365865,3.5809115487419075e-06,1.5478673906168926e-05,0.09940115798914632,0.04089381302836199,0.00011992557707631306,0.0045875228291055265,0.014276095100003066
1,44000.0,True,20,b650b_00000,2025-06-25_20-09-15,1750907355,62.882274866104126,94.6917290687561,32287,MacBook-Pro.local,127.0.0.1,94.6917290687561,20,2.2542897368258186,1.1881600878754932e-05,2.254161257276293,1.2136605924512254,1.0383400266066836,0.0009608025705832267,18.999999999999996,145,1147.6876162409785,0.11838070871710826,1414.7336410284042,50.611591207065615,0.2033961219010026,9.466659976169467e-05,2000.0,44000.0,407.00000000000034,0.00010268775795411816,91,19.0,6.200524961143275e-05,893.3771995306015,101.55999999999999,50.611591207065615,0.05340427599992834,0.0005525250016944483,1938.323131135946,1,0,0,9.607865168539325,52.896629213483145,0.00014028846252543093,456.84075954198835,258.75497392177584,265.24275749921804,166.8491238427162,37703.999999999956,36665.000000000015,35157.000000000015,35267.999999999985,144794.00000000006,6.293802794770197e-05,94.99999999999999,89.68,88.4,81.91999999999999,1825.0,1837.0,1705.9999999999998,1638.0,621.1916495943069,7006.000000000001,128.0,1357952,20.0,0.0119832065,1.0,9.827239,71936,0.1750654,0.30000001192092896,0.010335101,0.53427887,0.0003,149763,2572.734,0.01,9.83698,2.391939,71989.47228423595,1357952,0,21218000,1124000,71936,149763,2000.0,2000.0,1124818.5243303056,71989.27207321727,71988.65416809625,4.839999746764079e-05,5.3066799591761085e-05,1.952519960468635e-05,6.955020071472973e-05,6.0915961512364445e-06,1.597459922777489e-05,0.161894438538356,6.247267493471438e-07,1.2768809449144994e-05,3.869709483260246e-05,3.4300496343734586e-05,1.5969738490775063e-06,5.684210974253996e-06,1.6161339943383877e-05,1.2392159212825616e-05,1.6169707883283058e-06,2.4961463682845143e-06,2.5358952512398268e-06,9.376970184105513e-06,8.309027904036286e-06,0.0026434910900548928,0.0003337476685701799,3.5696824370646037e-06,1.5436807191655892e-05,0.09875957182924228,0.040940506568052905,0.00011961632131580845,0.004591065930759654,0.014289157899031539
