num_training_step_calls_per_iteration,num_env_steps_sampled_lifetime,done,training_iteration,trial_id,date,timestamp,time_this_iter_s,time_total_s,pid,hostname,node_ip,time_since_restore,iterations_since_restore,timers/training_iteration,timers/restore_env_runners,timers/training_step,timers/env_runner_sampling_timer,timers/learner_update_timer,timers/synch_weights,env_runners/episode_return_max,env_runners/sample,env_runners/rlmodule_inference_timer,env_runners/env_step_timer,env_runners/env_reset_timer,env_runners/num_episodes,env_runners/env_to_module_sum_episodes_length_out,env_runners/episode_return_mean,env_runners/episode_len_min,env_runners/episode_len_mean,env_runners/episode_return_min,env_runners/num_env_steps_sampled_lifetime,env_runners/env_to_module_sum_episodes_length_in,env_runners/episode_duration_sec_mean,env_runners/episode_len_max,env_runners/time_between_sampling,env_runners/connector_pipeline_timer,env_runners/weights_seq_no,env_runners/num_env_steps_sampled,env_runners/num_episodes_lifetime,env_runners/num_env_steps_sampled_lifetime_throughput,fault_tolerance/num_healthy_workers,fault_tolerance/num_remote_worker_restarts,env_runner_group/actor_manager_num_outstanding_async_reqs,perf/cpu_util_percent,perf/ram_util_percent,env_runners/num_module_steps_sampled_lifetime/shared_policy,env_runners/agent_steps/vehicle_0,env_runners/agent_steps/vehicle_3,env_runners/agent_steps/vehicle_1,env_runners/agent_steps/vehicle_2,env_runners/env_to_module_connector/connector_pipeline_timer,env_runners/module_to_env_connector/connector_pipeline_timer,env_runners/num_agent_steps_sampled_lifetime/vehicle_2,env_runners/num_agent_steps_sampled_lifetime/vehicle_0,env_runners/num_agent_steps_sampled_lifetime/vehicle_3,env_runners/num_agent_steps_sampled_lifetime/vehicle_1,env_runners/agent_episode_returns_mean/vehicle_2,env_runners/agent_episode_returns_mean/vehicle_0,env_runners/agent_episode_returns_mean/vehicle_3,env_runners/agent_episode_returns_mean/vehicle_1,env_runners/num_agent_steps_sampled/vehicle_2,env_runners/num_agent_steps_sampled/vehicle_0,env_runners/num_agent_steps_sampled/vehicle_3,env_runners/num_agent_steps_sampled/vehicle_1,env_runners/module_episode_returns_mean/shared_policy,env_runners/num_module_steps_sampled/shared_policy,learners/__all_modules__/num_module_steps_trained_lifetime,learners/__all_modules__/num_module_steps_trained,learners/__all_modules__/num_env_steps_trained_lifetime,learners/__all_modules__/num_non_trainable_parameters,learners/__all_modules__/num_env_steps_trained,learners/__all_modules__/learner_connector_sum_episodes_length_out,learners/__all_modules__/learner_connector_sum_episodes_length_in,learners/__all_modules__/num_trainable_parameters,learners/__all_modules__/num_env_steps_trained_lifetime_throughput,learners/__all_modules__/num_module_steps_trained_throughput,learners/__all_modules__/num_module_steps_trained_lifetime_throughput,learners/shared_policy/vf_loss_unclipped,learners/shared_policy/weights_seq_no,learners/shared_policy/mean_kl_loss,learners/shared_policy/module_train_batch_size_mean,learners/shared_policy/num_module_steps_trained,learners/shared_policy/diff_num_grad_updates_vs_sampler_policy,learners/shared_policy/vf_loss,learners/shared_policy/default_optimizer_learning_rate,learners/shared_policy/curr_entropy_coeff,learners/shared_policy/policy_loss,learners/shared_policy/gradients_default_optimizer_global_norm,learners/shared_policy/entropy,learners/shared_policy/vf_explained_var,learners/shared_policy/curr_kl_coeff,learners/shared_policy/num_module_steps_trained_lifetime,learners/shared_policy/total_loss,learners/shared_policy/num_trainable_parameters,learners/shared_policy/num_module_steps_trained_lifetime_throughput,env_runners/timers/connectors/add_states_from_episodes_to_batch,env_runners/timers/connectors/add_observations_from_episodes_to_batch,env_runners/timers/connectors/batch_individual_items,env_runners/timers/connectors/add_time_dim_to_batch_and_zero_pad,env_runners/timers/connectors/numpy_to_tensor,env_runners/timers/connectors/agent_to_module_mapping,learners/__all_modules__/learner_connector/connector_pipeline_timer,env_runners/env_to_module_connector/timers/connectors/agent_to_module_mapping,env_runners/env_to_module_connector/timers/connectors/add_states_from_episodes_to_batch,env_runners/env_to_module_connector/timers/connectors/add_observations_from_episodes_to_batch,env_runners/env_to_module_connector/timers/connectors/batch_individual_items,env_runners/env_to_module_connector/timers/connectors/add_time_dim_to_batch_and_zero_pad,env_runners/env_to_module_connector/timers/connectors/numpy_to_tensor,env_runners/module_to_env_connector/timers/connectors/listify_data_for_vector_env,env_runners/module_to_env_connector/timers/connectors/get_actions,env_runners/module_to_env_connector/timers/connectors/remove_single_ts_time_rank_from_batch,env_runners/module_to_env_connector/timers/connectors/normalize_and_clip_actions,env_runners/module_to_env_connector/timers/connectors/tensor_to_numpy,env_runners/module_to_env_connector/timers/connectors/un_batch_to_individual_items,env_runners/module_to_env_connector/timers/connectors/module_to_agent_unmapping,learners/__all_modules__/learner_connector/timers/connectors/agent_to_module_mapping,learners/__all_modules__/learner_connector/timers/connectors/add_time_dim_to_batch_and_zero_pad,learners/__all_modules__/learner_connector/timers/connectors/numpy_to_tensor,learners/__all_modules__/learner_connector/timers/connectors/add_one_ts_to_episodes_and_truncate,learners/__all_modules__/learner_connector/timers/connectors/add_states_from_episodes_to_batch,learners/__all_modules__/learner_connector/timers/connectors/batch_individual_items,learners/__all_modules__/learner_connector/timers/connectors/general_advantage_estimation,learners/__all_modules__/learner_connector/timers/connectors/add_columns_from_episodes_to_train_batch,learners/__all_modules__/learner_connector/timers/connectors/add_observations_from_episodes_to_batch
1,6000.0,False,1,c13e0_00000,2025-06-25_18-49-16,1750902556,1.6385149955749512,1.6385149955749512,28682,MacBook-Pro.local,127.0.0.1,1.6385149955749512,1,1.636659541996778,1.1249998351559043e-05,1.636545916000614,0.597695541997382,1.037048208003398,0.0007909169944468886,-2531.4014221429825,0.10502656825888611,6.410284101055578e-05,9.915971945514241e-05,9.356249938718975e-05,16.0,68.30916722343983,-3121.987761163193,76,108.34782608695656,-4592.617481470108,6000.0,68.30916722343983,0.055931213021919904,280,0.015883054352097352,0.0002421040044282563,0.0,2000.0,46.0,2104.358398766724,2,0,0,9.366666666666667,51.56666666666666,18433.0,88.97826086956523,81.26086956521738,96.8913043478261,79.43478260869566,6.272993976088099e-05,0.00015072985858549903,4158.0,4943.999999999999,4247.0,5083.999999999999,-702.6316730457803,-803.8227598641231,-755.8750353170478,-859.658289619114,1345.0,1743.0,1360.0,1547.0,-1662.4678167908082,5995.0,61696,61696,964000,0,964000,2000,2000,149763,1122791.5716090538,71862.63499815881,71860.87619236908,16589.123,1.0,0.011898345,128.0,61696,1.0,9.84731,0.0003,0.01,0.03312849,0.39830852,1.2621465,-0.0048925877,0.20000000298023224,61696,9.870196,149763,71863.48984665744,3.5419980122242123e-06,3.4791999496519566e-05,2.8896000003442168e-05,8.29149576020427e-06,3.7833004171261564e-05,5.5415002861991525e-06,0.16811283299466595,2.4677821811791275e-06,1.6748350227242337e-06,1.1759949805675074e-05,8.094197932762876e-06,2.5810286570966948e-06,9.515371078621162e-06,5.3206121268062175e-06,4.4262697858653085e-05,6.927170455797863e-07,3.6140473412627686e-05,1.918104598004699e-05,1.1768086989202594e-05,1.6719464363548178e-06,0.00259912500041537,1.1292002454865724e-05,0.000124791004054714,0.00478366699826438,4.415996954776347e-06,0.10779808299412252,0.013266457994177472,0.038963041006354615,0.0003559580000001006
1,8000.0,False,2,c13e0_00000,2025-06-25_18-49-17,1750902557,1.657789945602417,3.296304941177368,28682,MacBook-Pro.local,127.0.0.1,3.296304941177368,2,1.6368501286668469,1.1229168376303277e-05,1.6367359647605917,0.5976646103274107,1.0372680625933572,0.0007908174044860061,-2005.4348294734955,0.10513261660199794,5.790476826318642e-05,0.00010912617017743794,9.356249938718975e-05,20.0,52.29658183355902,-2831.6755852270126,73,106.62,-4573.822707414627,8000.0,52.29658183355902,0.055521367539913616,258,0.026011867359893227,0.0002421040044282563,1.0,2000.0,66.0,2054.4147839008424,2,0,0,14.3,51.5,25147.0,95.08,82.43999999999998,84.13999999999999,83.76000000000002,6.1895879774551e-05,0.0001390599528522807,5825.0,6657.0,5906.0,6758.999999999999,-692.9644908690454,-788.792470395565,-659.3705683755875,-690.5480639028547,1667.0,1713.0,1659.0000000000002,1675.0,-1457.4548424148559,6713.999999999999,130688,68992,2042000,0,1078000,2000.0,2000.0,149763,1122719.7914732657,71857.81057328456,71856.14312447092,13047.871,2.0,0.011992623,128.0,68992,1.0,9.932175,0.0003,0.01,0.16596805,0.22451398,1.2028344,-0.0033940077,0.20000000298023224,130688,10.088512,149763,71858.57643824151,3.5419980122242123e-06,3.4791999496519566e-05,2.8896000003442168e-05,8.29149576020427e-06,3.7833004171261564e-05,5.5415002861991525e-06,0.16742863841471262,2.501028189792732e-06,1.6431176956218934e-06,1.1950510348880163e-05,8.206840415608583e-06,2.4852916122541135e-06,9.137799674343536e-06,5.576345259852862e-06,3.479510082848943e-05,6.812402024260454e-07,3.7533488341361253e-05,1.584855540386454e-05,1.2469810233457662e-05,1.6543949409468554e-06,0.002600799590363749,1.1270332397543825e-05,0.00012441517399565784,0.004785457828329526,4.399336976348422e-06,0.10705854800420637,0.013274863004189683,0.03900713059629197,0.0003566346700245049
1,10000.0,False,3,c13e0_00000,2025-06-25_18-49-19,1750902559,1.6764893531799316,4.9727942943573,28682,MacBook-Pro.local,127.0.0.1,4.9727942943573,3,1.6372273878001955,1.1158126715599792e-05,1.637112887193021,0.5983846963041543,1.0369212857174164,0.0007906646404109779,-1517.9106228351593,0.1056892058812259,6.907339695189852e-05,0.00010461301483747753,9.356249938718975e-05,20.0,56.69153109386025,-2297.8725688433647,62,97.38000000000002,-4476.929675459862,10000.0,56.69153109386025,0.05251020586103549,255,0.03594855544060651,0.0002421040044282563,2.0,2000.0,86.0,2036.437390622158,2,0,0,13.266666666666666,51.56666666666666,31429.0,87.05999999999999,77.21999999999998,71.62,84.98,6.133341760427823e-05,0.00013617622595743075,7523.0,8390.0,7393.0,8123.0,-609.3062476778031,-638.1512742614746,-584.7456426882744,-465.6693981504441,1698.0,1733.0,1487.0,1364.0000000000002,-1071.3392484402657,6282.0,195456,64768,3054000,0,1012000,2000.0,2000.0,149763,1122008.369428447,71811.98841278399,71810.43097770042,8831.109,3.0,0.017460633,128.0,64768,1.0,10.0,0.0003,0.01,0.007387793,0.49880448,1.1183182,0.0004258752,0.20000000298023224,195456,9.999697,149763,71812.77109934292,3.5419980122242123e-06,3.4791999496519566e-05,2.8896000003442168e-05,8.29149576020427e-06,3.7833004171261564e-05,5.5415002861991525e-06,0.16670467287054924,2.4869903544193554e-06,1.6329167573256503e-06,1.1792481492825067e-05,7.954224343871688e-06,2.4678437071417037e-06,9.145870118023826e-06,5.353047249367485e-06,3.5054715952201164e-05,6.802658026193571e-07,3.536477327004354e-05,1.5981314154353324e-05,1.1803176581714671e-05,1.633188402925793e-06,0.0026026649244238797,1.1240969128994037e-05,0.00012408768224777305,0.004787253250047069,4.378263600665377e-06,0.10631614669415794,0.013277344794130477,0.039020586370308585,0.0003568079033124377
1,12000.0,False,4,c13e0_00000,2025-06-25_18-50-22,1750902622,62.99612307548523,67.96891736984253,28682,MacBook-Pro.local,127.0.0.1,67.96891736984253,4,2.2507966743421686,1.109404544633435e-05,2.250682025411078,1.211612833511146,1.0372600820202496,0.0007903754940208891,-1346.3517007827759,0.10316093031297897,6.079495794983973e-05,0.00010835779094873428,9.143749775830656e-05,20.0,53.12139577505631,-1896.8792950034142,62,94.54,-3289.3757014274597,12000.0,53.12139577505631,0.0500482017386821,292,0.22789333795759753,0.00023784560471540317,3.0,2000.0,106.0,1982.9167772111314,1,0,0,11.932584269662922,52.23932584269663,37942.0,89.86,76.50000000000001,71.86000000000001,78.26,6.231195427437399e-05,0.00013942020122225461,9155.999999999998,10260.0,8930.0,9595.999999999998,-472.72529025554655,-536.862591509819,-487.30776185989384,-399.9836586642265,1633.0,1870.0,1537.0,1473.0,-935.0912398815155,6513.0,262528,67072,4102000,0,1048000,2000.0,2000.0,149763,1121130.5406461812,71755.62827431371,71754.12627454358,6082.4175,4.0,0.013678953,128.0,67072,1.0,9.795193,0.0003,0.01,-0.017764557,0.68809754,1.0508204,0.00027096272,0.20000000298023224,262528,9.769656,149763,71756.34817131738,3.558798198355362e-06,3.407520125620067e-05,2.752119908109307e-05,8.4748950030189e-06,3.591620406950824e-05,5.558101111091673e-06,0.1660458248918308,2.5232409777071392e-06,1.639605291449452e-06,1.199173800739696e-05,8.204212435815312e-06,2.5021770197319183e-06,9.442356492237879e-06,5.6183953483222265e-06,3.575725104943249e-05,6.736134885477375e-07,3.693029078130114e-05,1.6149894211858342e-05,1.233473110562729e-05,1.6244375249223408e-06,0.0026052611951788204,1.1209389433272008e-05,0.00012368389547213885,0.004794878217544326,4.36823093060957e-06,0.10559214689719733,0.0132890080061645,0.03906482759661601,0.00035704148426580654
1,28000.0,False,5,c13e0_00000,2025-06-25_18-50-24,1750902624,1.9010839462280273,69.87000131607056,28682,MacBook-Pro.local,127.0.0.1,69.87000131607056,5,2.247277063018753,5.089394497885842e-05,2.2471221647469246,1.205570331016034,1.039740633700076,0.0007900042390295459,-1207.5490065813065,0.10475245860978721,6.492684738862531e-05,0.00010690718702108617,8.043749767239206e-05,21.000000000000004,46.164008351634365,-1616.0214823889733,67,84.43,-2190.6628773212433,28000.0,46.164008351634365,0.04543017572956161,163,0.35848478814134516,0.0002163540011679288,4.0,2000.0,278.00000000000006,1960.0308356099908,2,1,0,21.566666666666666,52.666666666666664,91926.00000000001,78.63999999999999,75.36,77.22,77.14,6.309281435482102e-05,0.00014615238442328274,22235.999999999996,24819.000000000007,21975.0,22895.999999999996,-436.14270160079,-414.45437538862234,-375.85743159174905,-389.56697418928144,1802.0,1777.0,1695.0,1729.0000000000002,-709.2313293421269,7003.0,334720,72192,5230000,0,1128000,2000.0,2000.0,149763,1118846.054882323,71609.57205927266,71607.99022219324,4799.888,5.0,0.01216512,128.0,72192,1.0,9.782148,0.0003,0.01,-0.029882435,0.49900976,1.010254,0.015265167,0.20000000298023224,334720,9.744597,149763,71610.35345184462,3.3959986467380077e-06,3.1187504646368325e-05,2.408349610050209e-05,7.749997166683897e-06,2.654150011949241e-05,5.249999958323315e-06,0.16620774248289608,2.532551701238833e-06,1.6305484238336489e-06,1.234526201806847e-05,8.371718421977712e-06,2.519077019833423e-06,9.457909195284433e-06,5.71023500262441e-06,3.787509869509586e-05,6.605105595314688e-07,3.961556473386439e-05,1.709866997883757e-05,1.2881224474712084e-05,1.6531696190138152e-06,0.0026088131632039085,1.1189795515684164e-05,0.00012335288653761884,0.004800118185394466,4.347048574350846e-06,0.1056764904282199,0.013301325006088847,0.03912157890065704,0.0003579394094714821
1,30000.0,False,6,c13e0_00000,2025-06-25_18-50-26,1750902626,1.7264277935028076,71.59642910957336,28682,MacBook-Pro.local,127.0.0.1,71.59642910957336,6,2.2420458807185635,5.0442505530345743e-05,2.2418909755995045,1.1996098127058865,1.0404665731930585,0.0007901129466492994,-898.813178896904,0.10512137887240565,6.1965609982142e-05,0.00011028695163146102,8.043749767239206e-05,23.999999999999996,36.248749176889724,-1317.0271979939937,61,89.52,-2518.5532681941986,30000.0,36.248749176889724,0.04836235503986245,260,0.32053372853930207,0.0002163540011679288,5.0,2000.0,302.00000000000006,1909.5976526196507,2,1,0,19.299999999999997,52.3,98845.00000000001,77.28,77.4,74.06000000000002,77.94,6.261972453208819e-05,0.0001426095139113601,23942.0,26582.000000000004,23740.999999999996,24580.0,-381.4136010301113,-367.8978696823119,-366.50721235513686,-201.2085089755058,1705.9999999999998,1763.0,1765.9999999999998,1684.0000000000002,-694.6307507252693,6918.999999999999,406144,71424,6346000,0,1116000,2000.0,2000.0,149763,1117567.7819105177,71527.6270927117,71526.09849739909,3021.8938,6.0,0.015202842,128.0,71424,1.0,9.565517,0.0003,0.01,-0.06573601,0.8136592,0.92564493,0.01567477,0.20000000298023224,406144,9.493566,149763,71528.37197537153,3.3959986467380077e-06,3.1187504646368325e-05,2.408349610050209e-05,7.749997166683897e-06,2.654150011949241e-05,5.249999958323315e-06,0.16558796713808976,2.60702892529552e-06,1.6198486219411635e-06,1.2268683951016552e-05,8.388142008952234e-06,2.539308183585872e-06,9.348932572325003e-06,5.8396421348340154e-06,3.524672942314499e-05,6.500555129744181e-07,3.960105326399836e-05,1.601786280935708e-05,1.3181641084048142e-05,1.6275455860647932e-06,0.0026136079516085437,1.1175397502585088e-05,0.00012302810767975375,0.004806937423586392,4.327328123932403e-06,0.10496831719390963,0.013319418426046593,0.03918104020169844,0.0003584058554093988
1,32000.0,False,7,c13e0_00000,2025-06-25_18-50-28,1750902628,1.7717759609222412,73.3682050704956,28682,MacBook-Pro.local,127.0.0.1,73.3682050704956,7,2.237321998161324,4.9986000441206335e-05,2.2371670870934746,1.1941322754088366,1.0412125437110773,0.0007951909871701813,-624.4848009347916,0.1057739837506682,8.814977563693382e-05,0.00010881620405155889,8.043749767239206e-05,22.0,48.532916688509076,-1066.8850195419789,61,88.58,-2764.758493542671,32000.0,48.532916688509076,0.050691945900034625,272,0.31647483495934725,0.0002163540011679288,6.0,2000.0,324.00000000000006,1922.6543746092045,2,1,0,19.433333333333334,52.29999999999999,105788.00000000001,78.38000000000001,73.62,77.63999999999999,85.24,6.165190852355986e-05,0.0001398336204295709,25854.0,28296.0,25335.999999999996,26302.0,-345.97835111379624,-357.7177384018897,-290.00578083038334,-73.18315100789069,1912.0,1714.0000000000002,1595.0,1722.0,-570.1204810380935,6943.0,477696,71552,7464000,0,1118000,2000.0,2000.0,149763,1118344.833835533,71577.17237262744,71575.6918580742,2456.8813,7.0,0.010423605,128.0,71552,1.0,9.684121,0.0003,0.01,-0.0049810465,1.1026281,0.88463587,0.018993437,0.20000000298023224,477696,9.6723795,149763,71577.85859649084,3.3959986467380077e-06,3.1187504646368325e-05,2.408349610050209e-05,7.749997166683897e-06,2.654150011949241e-05,5.249999958323315e-06,0.16499415329675565,2.5093003528080676e-06,1.6476166471127823e-06,1.2127286754245326e-05,8.217243304676124e-06,2.442643845005892e-06,9.157669418430238e-06,5.6590654517058875e-06,3.474011505297884e-05,6.413851144982522e-07,3.850722236417076e-05,1.5788254318065785e-05,1.2746535334342605e-05,1.6029977601636418e-06,0.002619852292108583,1.1167803517419146e-05,0.00012268991655927983,0.004812319299337648,4.311554833812918e-06,0.10428136486195876,0.013329589241753289,0.03925341062963079,0.0003586159568574489
1,34000.0,False,8,c13e0_00000,2025-06-25_18-50-29,1750902629,1.7651872634887695,75.13339233398438,28682,MacBook-Pro.local,127.0.0.1,75.13339233398438,8,2.2325830444297354,4.952364043129947e-05,2.2324283737225668,1.1882210039048027,1.0423815724339789,0.000795804077324035,-666.9242386817932,0.10611974460502241,6.339793618866089e-05,0.00010995078499300551,8.043749767239206e-05,23.999999999999996,37.412177210414164,-835.5878499042989,64,81.92,-1207.7015184164047,34000.0,37.412177210414164,0.044223005819512766,145,0.31247305830354755,0.0002163540011679288,7.0,2000.0,348.00000000000006,1887.6181977219478,2,1,0,15.8,51.8,112852.00000000001,74.28,74.28,73.61999999999999,73.45999999999998,6.266395070410942e-05,0.00014221552508941849,27582.0,30098.0,27137.999999999996,28034.0,-265.3339386844635,-295.33035284519195,-236.44840264797213,-38.475157481431964,1728.0,1802.0,1802.0,1732.0,-400.4379086971283,7063.999999999999,550656,72960,8604000,0,1140000,2000.0,2000.0,149763,1118691.139409797,71599.08036836542,71597.73619650201,2066.4326,8.0,0.020124447,128.0,72960,1.0,9.632006,0.0003,0.01,0.056951903,1.3443509,0.899622,0.027261019,0.30000001192092896,550656,9.683987,149763,71599.64414820787,3.3959986467380077e-06,3.1187504646368325e-05,2.408349610050209e-05,7.749997166683897e-06,2.654150011949241e-05,5.249999958323315e-06,0.16439929051378413,2.5697896490351256e-06,1.6438730246916956e-06,1.2374760060369035e-05,8.335421687175091e-06,2.518218289355035e-06,9.244664407435617e-06,5.817683161504904e-06,3.463724444641002e-05,6.660244558154335e-07,3.9747921488459205e-05,1.6018173943540332e-05,1.3256004184206924e-05,1.6464041185437064e-06,0.0026225125191983376,1.1139455424089523e-05,0.00012233135738744515,0.004818694436335747,4.289269260730554e-06,0.10359533705338843,0.013343472929352866,0.039321729023371194,0.0003597918772775971
1,36000.0,False,9,c13e0_00000,2025-06-25_18-51-33,1750902693,63.48445987701416,138.61785221099854,28682,MacBook-Pro.local,127.0.0.1,138.61785221099854,9,2.8450827273154355,4.908757400605399e-05,2.8449279729053685,1.7984455759457636,1.044649379619627,0.0007990785365153299,-261.59147465229034,0.10327035439450709,6.385152893531846e-05,0.00010773746794355606,8.668749578646384e-05,28.999999999999996,33.43770138290093,-602.2334198379517,50,70.66,-956.8770153522491,36000.0,33.43770138290093,0.03758907664028811,93,0.9213709076898267,0.00022843720435048454,8.0,2000.0,377.0,1879.8775842367609,1,1,0,10.135164835164835,51.77362637362639,119962.0,67.30000000000001,67.30000000000001,59.92000000000001,59.92000000000001,6.10527555733186e-05,0.0001396272247782848,29271.0,31964.0,29004.0,29723.0,-192.5535601067543,-258.12079439640047,-160.71478634595871,9.155721554756166,1689.0000000000002,1865.9999999999998,1865.9999999999998,1689.0000000000002,-259.8218021273613,7110.0,624384,73728,9756000,0,1152000,2000.0,2000.0,149763,1118611.8251639598,71593.77135016478,71592.51392449072,1081.2836,9.0,0.018366378,128.0,73728,1.0,9.290258,0.0003,0.01,-0.05143029,2.4367888,0.78545415,0.19775462,0.30000001192092896,624384,9.236483,149763,71594.25169317737,3.5463985113892682e-06,3.263750404585153e-05,2.518389737815596e-05,8.549994527129457e-06,3.1741103157401085e-05,5.516401870409027e-06,0.16466316468865444,2.496737326693178e-06,1.5794858535406807e-06,1.2147616422657168e-05,8.076870013484165e-06,2.3975862925365077e-06,8.978906209586976e-06,5.733548444383755e-06,3.4374266168374376e-05,6.522767558866266e-07,3.910831327015366e-05,1.5689764988691884e-05,1.2721566115390698e-05,1.616688549279273e-06,0.0026268386440262796,1.1106810887413372e-05,0.00012208054386994831,0.004830817071975766,4.268466593718637e-06,0.1037389028528912,0.013366439040046665,0.03940276548313623,0.00036075686853984085
1,57000.0,False,10,c13e0_00000,2025-06-25_18-51-35,1750902695,1.8113648891448975,140.42921710014343,28682,MacBook-Pro.local,127.0.0.1,140.42921710014343,10,2.8347236612923155,9.140878829837818e-05,2.834526049016341,1.7865434397662516,1.0461461162434325,0.0007990006711231999,-87.15121757984161,0.10783586703919401,6.59921215940479e-05,0.00010413915238490852,8.127049659378827e-05,30.0,30.422431105219083,-339.51741780310863,53,66.755,-613.7259436845779,57000.0,30.422431105219083,0.036017601288276635,85,0.6094515869849574,0.00022802050443715416,9.0,2000.0,669.0,1868.5440842260325,2,2,0,17.85,51.849999999999994,195950.0,61.33,61.33,61.36000000000002,61.36000000000002,6.381746958116879e-05,0.0001485787298580946,46976.999999999985,51873.000000000015,49023.000000000015,48076.999999999985,-146.19419031471014,-186.838270817101,-75.70587119370697,69.22091539680957,1815.9999999999998,1802.0,1802.0,1815.9999999999998,-116.90654079228639,7236.000000000001,699520,75136,10930000,0,1174000,2000.0,2000.0,149763,1117228.2962881185,71504.92996430109,71503.83625378774,983.37134,10.0,0.011870825,128.0,75136,1.0,9.504572,0.0003,0.01,0.11921909,2.3350236,0.8425709,0.29772604,0.30000001192092896,699520,9.618927,149763,71505.26023645424,3.562501660780981e-06,3.866650513373315e-05,2.3208998754853383e-05,7.957994967000559e-06,2.7083002350991592e-05,5.166501068742946e-06,0.16412161762174426,2.5890365519845096e-06,1.6402899247388974e-06,1.2565722016832014e-05,8.595823640849606e-06,2.485812052690594e-06,9.314797589709001e-06,5.9990407003458625e-06,3.734183758912733e-05,6.633436595802711e-07,4.13517852030235e-05,1.726912536362125e-05,1.3326103686679496e-05,1.6379334427767665e-06,0.0026310652576141845,1.1085742809007456e-05,0.0001217255684379088,0.00484396473125635,4.255781937937524e-06,0.10307944215434321,0.01338524089964765,0.03948458032832306,0.0003619480498691853
1,59000.0,False,11,c13e0_00000,2025-06-25_18-51-36,1750902696,1.7383179664611816,142.16753506660461,28682,MacBook-Pro.local,127.0.0.1,142.16753506660461,11,2.8237391130094234,9.055053043887871e-05,2.823541318106142,1.7746557724486285,1.047045470910974,0.0007984314944185627,295.48564541339874,0.10807875385376553,6.246972926349471e-05,0.0001056216811002206,8.127049659378827e-05,28.0,33.806843036713246,-90.85386305570603,49,69.48,-396.7286363840103,59000.0,33.806843036713246,0.03708339158096351,106,0.5346939113689245,0.00022802050443715416,10.0,2000.0,697.0000000000001,1861.4372267520148,2,2,0,13.799999999999999,52.0,202840.99999999994,57.61999999999998,57.61999999999998,64.0,63.92,6.265205159821787e-05,0.0001424398704963444,48789.999999999985,53504.000000000015,50654.000000000015,49892.999999999985,-75.36293226838114,-115.26800702452661,-3.9366099548339846,103.71368602514265,1813.0,1630.9999999999998,1630.9999999999998,1815.9999999999998,-32.764698572158814,6891.000000000001,771200,71680,12050000,0,1120000,2000.0,2000.0,149763,1114954.353622036,71359.2110886838,71358.19231548818,501.72656,11.0,0.014954061,128.0,71680,1.0,8.737077,0.0003,0.01,-0.17730613,3.5308316,0.7023811,0.41603333,0.30000001192092896,771200,8.557232,149763,71359.41913865469,3.562501660780981e-06,3.866650513373315e-05,2.3208998754853383e-05,7.957994967000559e-06,2.7083002350991592e-05,5.166501068742946e-06,0.16355839144550297,2.5347214092342466e-06,1.635987391152206e-06,1.227982377918423e-05,8.300314014083408e-06,2.5474855833339356e-06,9.273154424535572e-06,5.7686072470132195e-06,3.5215717038352224e-05,6.769107726337887e-07,3.9256614466009736e-05,1.618924174620525e-05,1.2879890553117705e-05,1.6218768853078236e-06,0.0026355279350376896,1.1071555354490096e-05,0.00012137789278874402,0.004857438003935086,4.239064172707888e-06,0.10240092398285042,0.013409498490626014,0.039556935354992905,0.00036380648942867683
1,61000.0,False,12,c13e0_00000,2025-06-25_18-51-38,1750902698,1.8016080856323242,143.96914315223694,28682,MacBook-Pro.local,127.0.0.1,143.96914315223694,12,2.8134976468793975,8.969460511038365e-05,2.813300289505096,1.763360991394143,1.0480952149518683,0.0007981292595057497,515.256630063057,0.10838849948478439,8.921780949105087e-05,0.00010424410707977326,8.127049659378827e-05,32.0,29.848796630824335,51.61186978816986,50,65.74,-219.34156477451324,61000.0,29.848796630824335,0.03693163258038112,106,0.520231044158004,0.00022802050443715416,11.0,2000.0,729.0000000000002,1858.8865082534787,2,2,0,17.200000000000003,52.0,209766.99999999994,52.06,52.06,62.8,62.68,6.239997154211543e-05,0.00014126682245017123,50663.99999999999,55092.000000000015,52242.000000000015,51768.999999999985,-45.15758645534515,-67.50343210220336,28.99461559295655,135.27827282428737,1874.0000000000002,1588.0,1588.0,1875.9999999999998,19.720752425193787,6926.000000000001,843392,72192,13178000,0,1128000,2000.0,2000.0,149763,1115007.0527874378,71362.52803770188,71361.53643229579,564.4548,12.0,0.010577523,128.0,72192,1.0,9.242169,0.0003,0.01,0.10128345,3.010286,0.7198609,0.3506688,0.30000001192092896,843392,9.339428,149763,71362.74973672646,3.562501660780981e-06,3.866650513373315e-05,2.3208998754853383e-05,7.957994967000559e-06,2.7083002350991592e-05,5.166501068742946e-06,0.16299148211106737,2.5097497751316964e-06,1.6535443819005062e-06,1.2342928691527925e-05,8.298193369668951e-06,2.462303433662074e-06,9.140375560759551e-06,5.790708686735726e-06,3.4444537373578874e-05,6.599785648957673e-07,3.9365277683703966e-05,1.608260047162885e-05,1.288001581394299e-05,1.5983216113745543e-06,0.002640450155707536,1.1047089802859064e-05,0.00012104536380448827,0.0048723023738988505,4.220013566094315e-06,0.10173684891299561,0.013422808505744928,0.03962085725144631,0.0003652588345842784
1,63000.0,False,13,c13e0_00000,2025-06-25_18-51-40,1750902700,1.7751479148864746,145.7442910671234,28682,MacBook-Pro.local,127.0.0.1,145.7442910671234,13,2.803094366660579,8.885056902269481e-05,2.8028976099400786,1.7516427189802477,1.0494072994723371,0.0007979146268934276,501.19737082719803,0.10859470068709982,6.114753801608729e-05,0.00010336266009301587,8.127049659378827e-05,31.000000000000004,32.88855185447626,217.81728723525998,44,65.74,-113.91745257377625,63000.0,32.88855185447626,0.03463639910056372,105,0.5066734498341493,0.00022802050443715416,12.0,2000.0,760.0000000000002,1882.577050652839,2,2,0,21.833333333333332,52.0,216466.99999999994,47.34,47.34,64.46,64.06,6.276560617585464e-05,0.0001400045732782796,52607.999999999985,56492.00000000002,53642.00000000002,53724.999999999985,-0.08989185810089281,-24.330442093610763,75.23722888231278,167.00039235711097,1944.0000000000002,1400.0,1400.0,1955.9999999999998,89.82838721513748,6700.0,913280,69888,14270000,0,1092000,2000.0,2000.0,149763,1112941.8539868612,71230.2325251397,71229.28132111479,729.96045,13.0,0.009797022,128.0,69888,1.0,9.317693,0.0003,0.01,0.10478136,2.356886,0.70575154,0.3073892,0.30000001192092896,913280,9.418356,149763,71230.44461301606,3.562501660780981e-06,3.866650513373315e-05,2.3208998754853383e-05,7.957994967000559e-06,2.7083002350991592e-05,5.166501068742946e-06,0.1631781418699637,2.5126416791053514e-06,1.6273812761123408e-06,1.219583884075525e-05,8.39052119326864e-06,2.49106067641923e-06,9.228388124851523e-06,5.641103453288508e-06,3.490019321106838e-05,6.80888248011355e-07,3.7956538773631395e-05,1.6065970941038635e-05,1.2536968056747876e-05,1.6184933171885788e-06,0.0026450935741338544,1.1017868868671873e-05,0.00012069491016654583,0.004883645190167017,4.203233443550044e-06,0.10185373625383135,0.013430014580719556,0.03966742617892495,0.0003665291561770495
1,65000.0,False,14,c13e0_00000,2025-06-25_18-51-42,1750902702,1.735563039779663,147.47985410690308,28682,MacBook-Pro.local,127.0.0.1,147.47985410690308,14,2.792394405493962,8.80033133555274e-05,2.7921982355006265,1.740140331370486,1.0502049248176055,0.0007996009006269137,683.0485582351685,0.10874723163802755,6.271392395023915e-05,0.00010535085381102511,8.127049659378827e-05,33.0,32.21643423463833,273.9332197928429,44,59.51999999999999,66.45073366165161,65000.0,32.21643423463833,0.03188682178093587,99,0.49391031067579333,0.00022802050443715416,13.0,2000.0,793.0000000000002,1885.0062407514101,2,2,0,20.3,52.150000000000006,223266.99999999994,47.0,47.0,57.14,56.82,6.261453384193762e-05,0.00014185951970246044,54488.999999999985,58004.00000000003,55154.00000000003,55619.999999999985,13.635414938926699,-9.070605874061584,112.41735470294954,156.9510560441017,1880.9999999999998,1512.0,1512.0,1895.0,119.69238842248919,6800.0,984320,71040,15380000,0,1110000,2000.0,2000.0,149763,1110585.7920212909,71079.33303823364,71078.42667973379,1076.62,14.0,0.007703671,128.0,71040,1.0,9.655977,0.0003,0.01,-0.028177507,2.3513892,0.6602645,0.2171073,0.30000001192092896,984320,9.6235075,149763,71079.53484586638,3.562501660780981e-06,3.866650513373315e-05,2.3208998754853383e-05,7.957994967000559e-06,2.7083002350991592e-05,5.166501068742946e-06,0.16260435587131525,2.553911964256803e-06,1.6343337803616324e-06,1.2171993992000616e-05,8.176011121934353e-06,2.535817486169086e-06,9.29713138270909e-06,5.703627829488994e-06,3.591624754781092e-05,6.616699072490458e-07,3.83513948117219e-05,1.6228972353649564e-05,1.2593823454044863e-05,1.6224313782745467e-06,0.002648318888443641,1.0989350144038115e-05,0.00012037088105906325,0.004896260818309893,4.182031157129884e-06,0.1011853447312772,0.01344872152496041,0.039727466497131304,0.00036773886462855034
1,67000.0,False,15,c13e0_00000,2025-06-25_18-51-43,1750902703,1.7265470027923584,149.20640110969543,28682,MacBook-Pro.local,127.0.0.1,149.20640110969543,15,2.781712831029044,8.716661022303485e-05,2.7815172531456147,1.7286166268067542,1.0510407247394427,0.0008020248916557275,818.5179582834244,0.10880973108219796,5.955370605427005e-05,0.00010151112744267376,8.127049659378827e-05,28.999999999999996,34.55782627702817,446.0331649386883,42,69.57999999999998,169.147603392601,67000.0,34.55782627702817,0.035953907300136055,111,0.4813495316489173,0.00022802050443715416,14.0,2000.0,822.0000000000002,1897.4553213735087,2,2,0,24.099999999999998,52.20000000000001,229625.99999999994,44.12,44.12,68.94,67.06,6.206766954591123e-05,0.00013920604491957013,56389.999999999985,59257.00000000003,56407.00000000003,57571.999999999985,87.05347358345985,30.071008563041687,109.00760509967805,219.90107802629467,1900.9999999999998,1253.0,1253.0,1952.0,139.50973655819894,6358.999999999999,1050624,66304,16416000,0,1036000,2000.0,2000.0,149763,1111316.7875190778,71125.9214843527,71125.03111455809,1142.6467,15.0,0.0064704227,128.0,66304,1.0,9.468787,0.0003,0.01,-0.06339507,1.9844246,0.55887514,0.22269553,0.30000001192092896,1050624,9.401744,149763,71126.09759759037,3.562501660780981e-06,3.866650513373315e-05,2.3208998754853383e-05,7.957994967000559e-06,2.7083002350991592e-05,5.166501068742946e-06,0.1619805685625965,2.500595933166297e-06,1.6489767605310248e-06,1.2018179766791367e-05,8.113962302757812e-06,2.4480784174737407e-06,9.187400570030445e-06,5.551500710486313e-06,3.513885680557728e-05,6.579459646276194e-07,3.692326072497199e-05,1.6246869284405285e-05,1.2317145750639482e-05,1.6064265910792067e-06,0.0026511861195681998,1.0996126622941166e-05,0.00011999676223820743,0.004906212800171673,4.166050899708325e-06,0.10051130961397273,0.013455308479661832,0.039758599752204256,0.0003685706359718034
1,69000.0,False,16,c13e0_00000,2025-06-25_18-51-45,1750902705,1.5886940956115723,150.795095205307,28682,MacBook-Pro.local,127.0.0.1,150.795095205307,16,2.7697625152187064,8.635244412208041e-05,2.769567538114126,1.717160141788648,1.0505436037420803,0.0008031096427292563,871.5635958909988,0.10875784316042718,6.083956218795381e-05,0.00010226506758235446,8.127049659378827e-05,27.0,38.75783609326816,513.4418216919898,42,77.54,79.79384434223175,69000.0,38.75783609326816,0.03978395480124163,231,0.46943460504124757,0.00022802050443715416,15.0,2000.0,849.0000000000002,1894.3775154600457,2,2,0,15.1,52.2,235665.99999999994,43.66,43.66,77.1,70.7,6.214153324009997e-05,0.00013837222100784218,58182.999999999985,60405.00000000003,57555.00000000003,59522.999999999985,102.01496050357818,64.65528394699096,111.16440925121307,235.60716805696487,1793.0,1148.0,1148.0,1950.9999999999998,142.0016367816925,6040.0,1113600,62976,17400000,0,984000,2000.0,2000.0,149763,1110080.343856252,71046.5365747013,71045.80864790328,1509.6534,16.0,0.008415436,128.0,62976,1.0,9.567088,0.0003,0.01,-0.008293592,2.0318718,0.63650143,0.14486825,0.30000001192092896,1113600,9.554955,149763,71046.72949419603,3.562501660780981e-06,3.866650513373315e-05,2.3208998754853383e-05,7.957994967000559e-06,2.7083002350991592e-05,5.166501068742946e-06,0.16130658162701275,2.4609316445347133e-06,1.640218538997902e-06,1.2016812843814587e-05,8.02119112248403e-06,2.4971165845067944e-06,9.307624770668342e-06,5.448569013977814e-06,3.577733013728504e-05,6.943354031934045e-07,3.577306392531946e-05,1.634437870242165e-05,1.1931914600484264e-05,1.6142365609037882e-06,0.002651811338405362,1.097866533345663e-05,0.00011973388462376286,0.0049122460921997855,4.150220404039474e-06,0.09981895609780723,0.01345421247487519,0.039771503754676966,0.0003694253396212982
1,71000.0,False,17,c13e0_00000,2025-06-25_18-51-47,1750902707,1.7521750926971436,152.54727029800415,28682,MacBook-Pro.local,127.0.0.1,152.54727029800415,17,2.759565780486498,8.554849973289825e-05,2.7593710069029815,1.705974809120746,1.0515277160347238,0.0008032014563052579,995.6951342225075,0.1087964779438372,6.236334468585454e-05,0.00010381345843935098,8.127049659378827e-05,31.000000000000004,35.10634956512385,553.7091413879394,42,63.78,304.3099558353424,71000.0,35.10634956512385,0.033677259900432556,100,0.4568160496663897,0.00022802050443715416,16.0,2000.0,880.0000000000002,1898.918305018681,2,2,0,15.4,52.2,242094.99999999994,42.79999999999999,42.79999999999999,62.92000000000001,61.12,6.356749531116536e-05,0.00014087490211053315,60075.999999999985,61701.00000000003,58851.00000000003,61466.999999999985,111.41154399514198,87.6465777182579,122.14959395170212,232.5014255130291,1893.0,1295.9999999999998,1295.9999999999998,1944.0000000000002,193.4168252742291,6428.999999999999,1180672,67072,18448000,0,1048000,2000.0,2000.0,149763,1108611.1092961046,70952.46143794592,70951.78830075252,1719.5894,17.0,0.008097256,128.0,67072,1.0,9.387485,0.0003,0.01,-0.013572246,2.3691244,0.49032852,0.17999327,0.30000001192092896,1180672,9.371438,149763,70952.6178478961,3.562501660780981e-06,3.866650513373315e-05,2.3208998754853383e-05,7.957994967000559e-06,2.7083002350991592e-05,5.166501068742946e-06,0.16147661998076912,2.605117775335065e-06,1.6809338037154866e-06,1.2249695176004782e-05,8.374764037592708e-06,2.527094683132121e-06,9.449435147078342e-06,5.6095254714763205e-06,3.596254073438718e-05,6.638550981102451e-07,3.7342182457396816e-05,1.637478434308951e-05,1.2311228270221728e-05,1.6385345432923074e-06,0.0026550536450235846,1.096137865686694e-05,0.00011941112577805243,0.004923687381289866,4.1353881498742925e-06,0.09993570736684078,0.013461237850085347,0.03980302121715806,0.0003707019162753823
1,73000.0,False,18,c13e0_00000,2025-06-25_18-51-48,1750902708,1.5806970596313477,154.1279673576355,28682,MacBook-Pro.local,127.0.0.1,154.1279673576355,18,2.747756435591619,8.474135474276639e-05,2.7475623076639564,1.6947760926895628,1.0509152784544036,0.0008024365317102868,1041.7980887889862,0.10881926948869222,5.956243493381978e-05,0.0001016202950831537,8.127049659378827e-05,27.0,36.97020099077063,724.728917210102,41,75.96,338.45479357242584,73000.0,36.97020099077063,0.039513394240057106,101,0.4462283557398547,0.00022802050443715416,17.0,2000.0,907.0000000000002,1921.976035145187,2,2,0,14.333333333333334,52.20000000000001,248104.99999999994,44.41999999999999,44.69999999999999,72.98,69.32,6.326120484604581e-05,0.0001392977467322031,61861.999999999985,62865.00000000003,60022.00000000003,63355.999999999985,175.79044502019883,105.0522889983654,156.00290498018265,287.8832777154445,1785.9999999999998,1164.0000000000002,1170.9999999999998,1889.0000000000002,271.2390214776993,6010.0,1243264,62592,19426000,0,978000,2000.0,2000.0,149763,1107298.5287316996,70868.24389564514,70867.62947166899,2117.7537,18.0,0.008964295,128.0,62592,1.0,9.467794,0.0003,0.01,-0.07172551,1.6761705,0.42308125,0.085973084,0.30000001192092896,1243264,9.394527,149763,70868.32395365128,3.562501660780981e-06,3.866650513373315e-05,2.3208998754853383e-05,7.957994967000559e-06,2.7083002350991592e-05,5.166501068742946e-06,0.16079741836095654,2.5236674587959674e-06,1.7224038756247692e-06,1.20541925196791e-05,8.196304547571168e-06,2.528326861647184e-06,9.510236028660389e-06,5.536135881438875e-06,3.583171212582466e-05,6.777338966456897e-07,3.615951561622125e-05,1.634873711668799e-05,1.1937009581406253e-05,1.6247269239052625e-06,0.0026563418586026807,1.0933434875172738e-05,0.00011910826454004854,0.004927757587492624,4.117374303489055e-06,0.09925562321319602,0.013458748391624767,0.03980178642500626,0.0003711328071129099
1,75000.0,False,19,c13e0_00000,2025-06-25_18-51-50,1750902710,1.5228991508483887,155.6508665084839,28682,MacBook-Pro.local,127.0.0.1,155.6508665084839,19,2.7354867120657467,8.394394113950593e-05,2.7352929658373104,1.683431546352677,1.0499868869198954,0.0008023538263987832,1101.9560079574585,0.10870115593323129,5.731706103654028e-05,0.00010003508113710371,8.127049659378827e-05,23.0,42.05414958356167,834.9671275520324,41,83.22,459.1105101108551,75000.0,42.05414958356167,0.04179501579943462,100,0.43460955047157085,0.00022802050443715416,18.0,2000.0,930.0000000000002,1945.7523011371684,2,2,0,15.200000000000001,52.2,253818.99999999994,42.34000000000001,42.34000000000001,82.18,77.36,6.184450192983287e-05,0.00013506295643522938,63722.999999999985,63803.00000000003,60960.00000000003,65332.999999999985,207.37421259164813,111.96708273410798,137.097726855278,378.5281064009667,1860.9999999999998,937.9999999999999,937.9999999999999,1977.0,302.1669951128959,5713.999999999999,1302656,59392,20354000,0,928000,2000.0,2000.0,149763,1105437.9356363453,70749.00643911152,70748.39914071294,2452.0432,19.0,0.015460087,128.0,59392,1.0,9.668684,0.0003,0.01,0.0040670442,1.2851865,0.37712237,0.06290281,0.30000001192092896,1302656,9.673617,149763,70749.09581006588,3.562501660780981e-06,3.866650513373315e-05,2.3208998754853383e-05,7.957994967000559e-06,2.7083002350991592e-05,5.166501068742946e-06,0.16010283084734644,2.4529717812235626e-06,1.6498824567878516e-06,1.1791356331077654e-05,7.923509294297124e-06,2.4585661693753203e-06,9.219445156631601e-06,5.245265464103235e-06,3.530238384891918e-05,6.589943696154777e-07,3.40922455076833e-05,1.602231928510747e-05,1.1359804067958738e-05,1.5945531872161536e-06,0.0026543771900405235,1.0908680550543272e-05,0.0001187896819171721,0.00492957459159375,4.1016205735708365e-06,0.09857226448101924,0.013459620487759767,0.03979071272081075,0.00037148064906531895
1,77000.0,False,20,c13e0_00000,2025-06-25_18-51-52,1750902712,1.6141390800476074,157.2650055885315,28682,MacBook-Pro.local,127.0.0.1,157.2650055885315,20,2.724254653695095,8.314616175138199e-05,2.724061520338895,1.6724778879692017,1.0497022347106952,0.0008056911181655486,1099.0091997385025,0.1086579907412681,5.9602486355226955e-05,0.0001033483805692648,8.127049659378827e-05,28.0,38.2016436603004,752.4513038516045,41,71.56,409.3950252532959,77000.0,38.2016436603004,0.037263437619403705,102,0.4232025603083386,0.00022802050443715416,19.0,2000.0,958.0000000000002,1937.8364259309092,2,2,0,16.1,52.2,259940.99999999994,41.42,41.42,71.47999999999999,67.94,6.440348445752744e-05,0.00014072080937371122,65593.99999999999,64944.00000000003,62101.00000000003,67301.99999999999,175.95603357315065,110.93525015354156,146.54741955518722,319.0126008796692,1870.9999999999998,1140.9999999999998,1140.9999999999998,1969.0000000000002,220.77372017145157,6122.0,1366528,63872,21352000,0,998000,2000.0,2000.0,149763,1100934.379585951,70460.9506760692,70460.42858659572,2131.512,20.0,0.006218343,128.0,63872,1.0,9.492948,0.0003,0.01,-0.024454363,4.4264627,0.42541465,0.09274739,0.30000001192092896,1366528,9.4661045,149763,70461.06713607849,3.562501660780981e-06,3.866650513373315e-05,2.3208998754853383e-05,7.957994967000559e-06,2.7083002350991592e-05,5.166501068742946e-06,0.15947181169888278,2.561340454665799e-06,1.705924756486218e-06,1.2306100469277944e-05,8.370472917498532e-06,2.544148352875403e-06,9.756945984203114e-06,5.511289365180665e-06,3.668933156435831e-05,6.815095275507839e-07,3.628137152185461e-05,1.6577702397714814e-05,1.2047987939793697e-05,1.658410399563463e-06,0.0026540742581559348,1.0878753690054565e-05,0.00011837720507398055,0.0049389400956824725,4.084774371433684e-06,0.09792015392624392,0.013458902612825568,0.039803953923624756,0.0003723012625866276
1,79000.0,False,21,c13e0_00000,2025-06-25_18-51-53,1750902713,1.676112174987793,158.9411177635193,28682,MacBook-Pro.local,127.0.0.1,158.9411177635193,21,2.713747945068163,8.237720010045697e-05,2.713554892215512,1.661761344919523,1.0499048098635764,0.0008066421270001949,1099.366871356964,0.10873362008590848,6.402543061784807e-05,0.00010370644812484752,8.127049659378827e-05,31.000000000000004,33.689731395961985,716.9412367272375,41,65.88,389.12013053894043,79000.0,33.689731395961985,0.03493361253989861,100,0.41316962992926953,0.00022802050443715416,20.0,2000.0,989.0000000000002,1905.8603686529934,2,2,0,15.066666666666668,52.26666666666667,266337.99999999994,41.1,41.1,65.76,63.099999999999994,6.397793250338732e-05,0.00014239937175833235,67483.99999999999,66215.00000000003,63372.00000000003,69266.99999999999,146.92716019153596,126.11175936698913,149.3349505877495,294.56736743450165,1890.0,1270.9999999999998,1270.9999999999998,1965.0,231.3640925192833,6397.0,1433344,66816,22396000,0,1044000,2000.0,2000.0,149763,1099862.783620653,70392.71765757646,70392.09949916718,1839.9128,21.0,0.008016599,128.0,66816,1.0,9.45561,0.0003,0.01,0.14994006,7.2546344,0.43556827,0.12386787,0.30000001192092896,1433344,9.6036,149763,70392.94602512395,3.562501660780981e-06,3.866650513373315e-05,2.3208998754853383e-05,7.957994967000559e-06,2.7083002350991592e-05,5.166501068742946e-06,0.15888002816192248,2.5635860293680006e-06,1.6607503699482296e-06,1.2392665009250511e-05,8.37687144857093e-06,2.573475510199562e-06,9.589634837238406e-06,5.68708741557246e-06,3.617189187942982e-05,6.673815601245302e-07,3.806077969733544e-05,1.6556707957917074e-05,1.257877656329296e-05,1.6393751491265527e-06,0.0026577097655764896,1.0870386155281087e-05,0.00011810843300558287,0.004950799864755999,4.066006612493229e-06,0.0972731165570128,0.013463217756714071,0.03983938188443126,0.00037349615993406227
1,81000.0,False,22,c13e0_00000,2025-06-25_18-51-55,1750902715,1.5801646709442139,160.5212824344635,28682,MacBook-Pro.local,127.0.0.1,160.5212824344635,22,2.702389794367477,8.160425808486423e-05,2.7021971974633665,1.650957335220321,1.0493463671749514,0.000809502795773162,1132.2699892520905,0.10870551805201326,5.841873881628385e-05,0.000100538077992327,8.127049659378827e-05,24.0,48.227823251962704,760.121551463604,42,82.24,449.003778219223,81000.0,48.227823251962704,0.04199567819974618,255,0.40402389314999265,0.00022802050443715416,21.0,2000.0,1013.0000000000002,1952.983995897048,2,2,0,17.700000000000003,52.25,271929.99999999994,41.48,41.48,76.04,78.5,6.298388805488851e-05,0.00013615067580837053,69366.99999999999,67159.00000000003,64316.00000000003,71087.99999999999,171.94910000681878,109.57782460927963,144.59538781523702,333.999239604473,1883.0,944.0,944.0,1820.9999999999998,287.66471809268,5592.0,1491456,58112,23304000,0,908000,2000.0,2000.0,149763,1102096.9859620016,70535.68426516169,70535.08019712579,2013.9536,22.0,0.017777793,128.0,58112,1.0,9.243146,0.0003,0.01,0.087493934,2.0774906,0.41324812,0.06597096,0.30000001192092896,1491456,9.3318405,149763,70535.91635352133,3.562501660780981e-06,3.866650513373315e-05,2.3208998754853383e-05,7.957994967000559e-06,2.7083002350991592e-05,5.166501068742946e-06,0.15895806413030913,2.4902404908270722e-06,1.679993330394572e-06,1.1791024782226712e-05,8.128521169712544e-06,2.512294579914203e-06,9.529502238089792e-06,5.20907859068506e-06,3.604326060439165e-05,6.700611513369385e-07,3.3702593864182314e-05,1.6415091672823796e-05,1.143427774462562e-05,1.6605217978551609e-06,0.0026570701678793975,1.0833352295217387e-05,0.00011776609865934066,0.0049518010361408946,4.0465965626571285e-06,0.09738800205144914,0.013444769749111912,0.03982150515553011,0.0003739332883828085
1,83000.0,False,23,c13e0_00000,2025-06-25_18-51-56,1750902716,1.5972938537597656,162.11857628822327,28682,MacBook-Pro.local,127.0.0.1,162.11857628822327,23,2.6913141497638318,8.083613547017964e-05,2.6911216992387423,1.6403034576981503,1.0489226776731715,0.0008090506778017465,1146.0249366760254,0.10864168087497346,5.9680846068585436e-05,0.00010151154849787011,8.127049659378827e-05,27.0,39.08030505045316,752.06210288167,41,73.98,416.82469403743744,83000.0,39.08030505045316,0.03836294921988156,109,0.3945710779283907,0.00022802050443715416,22.0,2000.0,1040.0000000000002,1943.1197411898172,2,2,0,22.1,52.2,277944.99999999994,41.62,41.62,73.98,70.1,6.378631010422481e-05,0.00013954707813036292,71232.99999999999,68247.00000000003,65404.00000000003,73060.99999999999,171.2347397208214,120.51326538085941,146.48479250788688,313.829304986,1865.9999999999998,1088.0,1088.0,1973.0,250.1317714869976,6015.0,1554176,62720,24284000,0,980000,2000.0,2000.0,149763,1099800.669554904,70388.98251868275,70388.27607221807,2181.6128,23.0,0.016452568,128.0,62720,1.0,9.484111,0.0003,0.01,-0.0700826,2.4810553,0.4380483,0.059945762,0.30000001192092896,1554176,9.414584,149763,70389.28372843516,3.562501660780981e-06,3.866650513373315e-05,2.3208998754853383e-05,7.957994967000559e-06,2.7083002350991592e-05,5.166501068742946e-06,0.15833317348897036,2.5292999732367282e-06,1.6603624683522904e-06,1.2226495623574878e-05,8.47144429769898e-06,2.532728529442885e-06,9.627895261821285e-06,5.458407687248212e-06,3.647794038492645e-05,6.702550093526569e-07,3.586890762304503e-05,1.6398749827787786e-05,1.199127603802111e-05,1.6503198212212642e-06,0.002658790716183034,1.08683488071815e-05,0.00011744759766354314,0.004958498435783856,4.031970578420721e-06,0.09674507911086662,0.013447402881647908,0.03982853844400489,0.0003746802054625005
1,85000.0,False,24,c13e0_00000,2025-06-25_18-51-58,1750902718,1.5737478733062744,163.69232416152954,28682,MacBook-Pro.local,127.0.0.1,163.69232416152954,24,2.6801172236862274,8.007443410406184e-05,2.6799252926663137,1.6296843897911564,1.048343205486411,0.0008088543409994997,1173.7834980487823,0.10862221707123036,5.7925634369797135e-05,0.00010131970618892623,8.127049659378827e-05,26.000000000000004,39.43366295320682,774.653973124027,40,76.11999999999999,414.3832643032074,85000.0,39.43366295320682,0.039099494980182496,132,0.3856445918268091,0.00022802050443715416,23.0,2000.0,1066.0,1950.4180714085974,2,2,0,15.2,52.2,283894.99999999994,40.78,40.78,74.68,72.62,6.281314444706952e-05,0.00013722920723626759,73115.99999999999,69311.00000000003,66468.00000000003,74999.99999999999,147.50931304216383,150.191466679573,150.40594569206237,326.5472484731675,1883.0,1064.0,1064.0,1939.0000000000002,331.4929648971558,5950.0,1616128,61952,25252000,0,968000,2000.0,2000.0,149763,1098994.6794350715,70337.94909280755,70337.3237552176,2877.845,24.0,0.0087291645,128.0,61952,1.0,9.622632,0.0003,0.01,-0.075131476,3.7593234,0.34004962,0.006684959,0.30000001192092896,1616128,9.54672,149763,70338.09446125392,3.562501660780981e-06,3.866650513373315e-05,2.3208998754853383e-05,7.957994967000559e-06,2.7083002350991592e-05,5.166501068742946e-06,0.15769063341404002,2.5040454972579743e-06,1.6541940390181964e-06,1.2068014262383582e-05,8.087245231418021e-06,2.510713388677268e-06,9.319447571339826e-06,5.389427315286688e-06,3.540020886270047e-05,6.648526710617376e-07,3.535729688535843e-05,1.6235323771507336e-05,1.1796331333071011e-05,1.6194731239194072e-06,0.002659360728997366,1.085466538765037e-05,0.00011716145171937462,0.004962936371438375,4.020810873486029e-06,0.0961013866497358,0.013439866762858183,0.039832584309571525,0.0003753454933916917
1,87000.0,False,25,c13e0_00000,2025-06-25_18-52-00,1750902720,1.5772430896759033,165.26956725120544,28682,MacBook-Pro.local,127.0.0.1,165.26956725120544,25,2.669066297279351,7.932952975456746e-05,2.6688746189096086,1.6192254208932422,1.0477478980215444,0.0008094087076233184,1170.3436371088028,0.10857704732636368,5.924757454072776e-05,0.00010111518697546594,8.127049659378827e-05,27.0,37.82595817080677,767.4972399151325,41,69.7,484.81179052591324,87000.0,37.82595817080677,0.03621379492047709,102,0.3770204241776002,0.00022802050443715416,24.0,2000.0,1093.0,1942.5433342361246,2,2,0,14.1,52.20000000000001,289896.9999999999,41.46,41.46,69.48,66.31999999999998,6.281638111461543e-05,0.0001385358759438834,74983.99999999997,70395.00000000003,67552.00000000003,76966.0,170.91020579099654,135.84831999301912,151.8839326667786,308.85478294253346,1868.0,1084.0,1084.0,1965.9999999999998,268.8263782835007,6002.0,1678592,62464,26228000,0,976000,2000.0,2000.0,149763,1099460.5075346697,70367.74344857465,70367.11340366263,2111.232,25.0,0.03651494,128.0,62464,1.0,9.683746,0.0003,0.01,0.0009842376,8.037917,0.39256525,0.1641131,0.45000001788139343,1678592,9.691759,149763,70367.87175437463,3.562501660780981e-06,3.866650513373315e-05,2.3208998754853383e-05,7.957994967000559e-06,2.7083002350991592e-05,5.166501068742946e-06,0.15706951874988467,2.5031511986924425e-06,1.6489625897735737e-06,1.204331765318294e-05,8.21151759703989e-06,2.495783902588025e-06,9.460913303800269e-06,5.489702920716552e-06,3.5737991154974996e-05,6.651293475589345e-07,3.5869413477570865e-05,1.6261304599878532e-05,1.196326639311412e-05,1.6224064990131117e-06,0.0026603104616730244,1.0826958697403708e-05,0.00011685441719932273,0.0049674682577331925,4.003522758831607e-06,0.0954685698632547,0.01343805226521684,0.03984092596646799,0.00037622494844373244
1,89000.0,False,26,c13e0_00000,2025-06-25_18-53-04,1750902784,63.917155027389526,229.18672227859497,28682,MacBook-Pro.local,127.0.0.1,229.18672227859497,26,3.2815305618065427,7.857748448008133e-05,3.2813393685505456,2.232273784184346,1.0471609486213358,0.0008098508705720027,1195.852144241333,0.1101187749375709,5.5942924164290045e-05,9.681258937655789e-05,7.568689761683345e-05,26.000000000000004,36.99316658147885,878.4389167737961,41,79.84,470.52937960624695,89000.0,36.99316658147885,0.03972826415949385,106,0.5928540060591614,0.00022527050386997872,25.0,2000.0,1119.0,1976.1327796758076,1,2,0,10.11098901098901,52.343956043956034,295790.9999999999,41.04,41.04,79.36000000000001,75.02,5.995075772005149e-05,0.00013339040503123966,76841.99999999997,71433.00000000003,68590.00000000003,78926.0,213.816075963974,125.47659598350525,160.98392555236816,378.1623191976547,1858.0,1038.0,1038.0,1960.0,300.9160148859024,5893.999999999999,1740032,61440,27188000,0,960000,2000.0,2000.0,149763,1098391.1543789236,70298.67305109127,70298.25456934983,2357.3513,26.0,0.0029401965,128.0,61440,1.0,9.663229,0.0003,0.01,-0.11105139,3.0073576,0.3216089,0.1475802,0.22500000894069672,1740032,9.550283,149763,70298.55840362454,3.5453042073640974e-06,4.3199706124141815e-05,2.1408999600680545e-05,7.3243958468083296e-06,2.231660109828226e-05,4.833300044992938e-06,0.15640973148242834,2.3890627141204733e-06,1.5979354018846401e-06,1.1516719174758936e-05,7.732789270610279e-06,2.3803655544624735e-06,8.80088034995761e-06,5.2281952904716346e-06,3.473143410951939e-05,6.23691533557642e-07,3.420842749407295e-05,1.561316431053321e-05,1.1502498420327545e-05,1.5454437211545451e-06,0.0026592869470574375,1.0806189121861654e-05,0.00011652712303017934,0.004971366905161608,3.9901475130565725e-06,0.09482875249457356,0.013429759662562771,0.03982711878674252,0.00037665186895408337
1,95000.0,False,27,c13e0_00000,2025-06-25_18-53-05,1750902785,1.5050129890441895,230.69173526763916,28682,MacBook-Pro.local,127.0.0.1,230.69173526763916,27,3.263742660348469,0.00011738253961863413,3.2635123461150193,2.215558551762551,1.0460473133051746,0.0008094402818722748,1158.9371259212494,0.10829002667554347,5.954787578167409e-05,9.539181494785832e-05,8.90829978743568e-05,24.0,47.33353726443007,809.0663311359286,41,77.395,206.31352698802948,95000.0,47.33353726443007,0.03838748354111885,214,0.38701432054712354,0.00023977050295798108,26.0,2000.0,1344.0000000000002,2008.2309880943067,2,3,0,16.15,52.8,299180.99999999994,40.80499999999999,40.80499999999999,74.035,73.245,6.215138100104768e-05,0.00014163080941479757,88795.0,59363.000000000015,59363.000000000015,91660.0,177.85622059941295,125.69903311014176,151.9340410029888,353.5770370480418,1874.0000000000002,992.9999999999999,992.9999999999999,1838.0,221.3188369858265,5698.0,1799296,59264,28114000,0,926000,2000.0,2000.0,149763,1098062.1798258482,70277.8316023612,70277.29059247012,2543.6973,27.0,0.011076297,128.0,59264,1.0,9.887968,0.0003,0.01,0.03540886,2.8019826,0.4694441,0.055360794,0.22500000894069672,1799296,9.921175,149763,70277.96890528058,3.7080026231706142e-06,4.5750002755085006e-05,2.4187498638639227e-05,8.854000043356791e-06,2.608299837447703e-05,5.354002496460453e-06,0.15572433041760572,2.441295575346337e-06,1.6502782986959106e-06,1.179624646693454e-05,8.013777173938478e-06,2.658026757589315e-06,9.376725900803071e-06,5.259817556097199e-06,3.829946804214331e-05,6.643359395678009e-07,3.4884106334440575e-05,1.787103139764155e-05,1.1765287623366405e-05,1.6393367164685946e-06,0.002658084077596656,1.0795207204427313e-05,0.0001161910217485793,0.004971150736113773,3.975246082769189e-06,0.09417418454963195,0.013415197485949291,0.039813019268814046,0.00037712118024791475
1,97000.0,False,28,c13e0_00000,2025-06-25_18-53-07,1750902787,1.5168728828430176,232.20860815048218,28682,MacBook-Pro.local,127.0.0.1,232.20860815048218,28,3.2462545229149877,0.00011624954420447427,3.246024961813889,2.1990901145749597,1.0450250755821027,0.0008105504590364586,1195.2788426876068,0.10806502165981195,5.6962571934233854e-05,9.76357550215218e-05,8.90829978743568e-05,25.0,44.03218835013977,767.3134973216057,41,88.41999999999999,-213.56558620929718,97000.0,44.03218835013977,0.04391020177979953,241,0.3415956179998686,0.00023977050295798108,27.0,2000.0,1369.0,1980.3374452277358,2,3,0,14.649999999999999,52.8,304829.0,40.6,40.6,77.52,84.43999999999998,6.236247209612995e-05,0.00013509046657568,90672.99999999999,60334.00000000003,60334.00000000003,93487.99999999999,120.02669551134107,139.81103253364566,157.499513566494,349.97625584363936,1878.0,971.0,971.0,1828.0,202.91996006011962,5648.0,1858176,58880,29034000,0,920000,2000.0,2000.0,149763,1098366.1487744697,70297.04168379957,70296.61344503821,2700.2966,28.0,0.004086679,128.0,58880,1.0,9.702574,0.0003,0.01,0.017008638,5.7887273,0.3749001,-0.10211623,0.11250000447034836,1858176,9.716753,149763,70297.12963346831,3.7080026231706142e-06,4.5750002755085006e-05,2.4187498638639227e-05,8.854000043356791e-06,2.608299837447703e-05,5.354002496460453e-06,0.15505052086341625,2.451309524479019e-06,1.676951174464246e-06,1.1787312182199185e-05,7.987519752662113e-06,2.670598148778791e-06,9.426903151086672e-06,5.275572338807711e-06,3.475723688886508e-05,6.505218417929263e-07,3.4363990776573465e-05,1.612587650143013e-05,1.1586896367821904e-05,1.6143980470974441e-06,0.002657056576840231,1.077725509009168e-05,0.00011595620153564565,0.004971136308710331,3.957993574988869e-06,0.09352591687416571,0.013401733431078795,0.039802677826138895,0.00037754205842753356
1,99000.0,False,29,c13e0_00000,2025-06-25_18-53-08,1750902788,1.6740422248840332,233.8826503753662,28682,MacBook-Pro.local,127.0.0.1,233.8826503753662,29,3.230505299765869,0.00011513537872880513,3.2302767230257654,2.1833961580192045,1.0449665685762874,0.000811561624417357,1195.2788426876068,0.10823229723883585,9.11412554894367e-05,9.9363412581728e-05,8.90829978743568e-05,28.999999999999996,35.36114079343686,731.6351831007004,41,66.76,463.18909668922424,99000.0,35.36114079343686,0.03614343831955922,99,0.3348578581382069,0.00023977050295798108,28.0,2000.0,1397.9999999999998,1961.848405638479,2,3,0,14.149999999999999,52.8,311044.99999999994,41.24,41.24,66.69999999999999,63.94,6.256014672268955e-05,0.00013789779832834535,92555.99999999999,61516.000000000044,61516.000000000044,95456.99999999999,153.32217233657838,127.5542390465736,146.64620064258574,304.11257067441943,1883.0,1182.0,1182.0,1969.0000000000002,237.93359413862228,6216.000000000001,1923072,64896,30048000,0,1014000,2000.0,2000.0,149763,1097178.6770068405,70221.01787413919,70220.52318358427,2173.5833,29.0,0.010453575,128.0,64896,1.0,9.3939495,0.0003,0.01,-0.15815514,5.9909663,0.33432227,0.06351906,0.11250000447034836,1923072,9.233627,149763,70221.25117677287,3.7080026231706142e-06,4.5750002755085006e-05,2.4187498638639227e-05,8.854000043356791e-06,2.608299837447703e-05,5.354002496460453e-06,0.15446759065481358,2.4935418378439108e-06,1.659437027816908e-06,1.2090602886584906e-05,8.123850128771704e-06,2.625614412973318e-06,9.257358269361457e-06,5.555619303688059e-06,3.4759019971619584e-05,6.454084434536393e-07,3.617740883897522e-05,1.6222538497196783e-05,1.2195421053915982e-05,1.6039769873370078e-06,0.002658402681077481,1.0775732547875345e-05,0.00011567246953033451,0.004978713695581617,3.942583642837537e-06,0.09291738562546129,0.013402243176776418,0.0398186202078769,0.0003788074778125552
1,101000.0,False,30,c13e0_00000,2025-06-25_18-53-10,1750902790,1.6534101963043213,235.53606057167053,28682,MacBook-Pro.local,127.0.0.1,235.53606057167053,30,3.2147125034381676,0.00011402527496457661,3.214484868295451,2.1672977651890366,1.0452685703905324,0.0008133101681202118,1200.775228857994,0.10821125081659044,5.626095251197757e-05,0.00010082298264348167,8.90829978743568e-05,27.0,39.66680062846401,853.3871383237839,41,72.66,451.36882996559143,101000.0,39.66680062846401,0.03690819492039736,99,0.32922226862518766,0.00023977050295798108,29.0,2000.0,1424.9999999999998,1944.153019612214,2,3,0,13.333333333333334,52.79999999999999,317034.9999999999,40.580000000000005,40.580000000000005,72.64,68.02,6.401383477609178e-05,0.00013867627650156238,94404.99999999999,62600.000000000044,62600.000000000044,97429.99999999999,202.2562245202064,145.31623349428176,145.33492450475694,360.4797565865517,1849.0000000000002,1084.0,1084.0,1973.0,253.43906669616695,5990.0,1985536,62464,31024000,0,976000,2000.0,2000.0,149763,1096433.5378258037,70173.12988346195,70172.73422304777,2587.8135,30.0,0.005209168,128.0,62464,1.0,9.564703,0.0003,0.01,-0.021959784,5.995636,0.21259436,0.03985083,0.11250000447034836,1985536,9.541203,149763,70173.18436408421,3.7080026231706142e-06,4.5750002755085006e-05,2.4187498638639227e-05,8.854000043356791e-06,2.608299837447703e-05,5.354002496460453e-06,0.1546412497482341,2.5576899650429547e-06,1.6960781499282066e-06,1.2382290290511085e-05,8.191269332503335e-06,2.690640579177786e-06,9.573924921997486e-06,5.418658941718213e-06,3.5787861922294064e-05,6.506149450235646e-07,3.530517284769983e-05,1.65511436217552e-05,1.204850613495959e-05,1.6371305920302274e-06,0.002659294484259615,1.0765055196180867e-05,0.00011539366479114158,0.004985370308625544,3.930237756495934e-06,0.09308787384922092,0.01339756365501285,0.03981889650581387,0.00037970898305317817
1,103000.0,False,31,c13e0_00000,2025-06-25_18-54-13,1750902853,63.018126249313354,298.5541868209839,28682,MacBook-Pro.local,127.0.0.1,298.5541868209839,31,3.8127280009037787,0.00011294335218469182,3.8125010483625044,2.7657632387870965,1.0448307730165969,0.0008126999764574612,1190.4403574466705,0.10833858309297595,5.646337151359934e-05,9.887284775367752e-05,8.612459787400439e-05,28.0,36.93009570256938,764.7088231360913,41,72.84,408.59759271144867,103000.0,36.93009570256938,0.03710914412120474,136,0.43883575557846327,0.00023673300311202183,30.0,2000.0,1452.9999999999998,1939.0353848205102,1,3,0,10.60112359550562,52.410112359550574,323030.9999999999,40.54,40.54,70.66000000000001,69.50000000000001,6.290301141231912e-05,0.00013796606068690052,96279.99999999999,63702.000000000044,63702.000000000044,99347.0,140.42519029140473,141.41550570487976,148.7325286197662,334.135599950552,1875.0,1102.0,1102.0,1917.0,248.9351425933838,5996.000000000001,2048128,62592,32002000,0,978000,2000.0,2000.0,149763,1095145.846618058,70090.67944520977,70090.26684888285,2075.6885,31.0,0.0092110345,128.0,62592,1.0,9.365958,0.0003,0.01,0.057008833,1.88424,0.37132776,0.091737926,0.11250000447034836,2048128,9.42029,149763,70090.7407764566,3.6746030673384665e-06,4.54666034784168e-05,2.354179887333885e-05,8.516399248037487e-06,2.509139885660261e-05,5.23320195497945e-06,0.1540524801607497,2.491838288797252e-06,1.6768685570503599e-06,1.202629694687973e-05,8.167662096701258e-06,2.617174211533605e-06,9.336616636746146e-06,5.485113852169772e-06,3.502898207120362e-05,6.41927672961084e-07,3.594505116794547e-05,1.6365635785170215e-05,1.2098673214340569e-05,1.6182365723727137e-06,0.0026592565394210283,1.0789494634293805e-05,0.00011510222808960926,0.004993623275578994,3.9200953797804894e-06,0.09247633720073481,0.013398258848474323,0.0398328308707805,0.00038055272323398625
1,121000.0,False,32,c13e0_00000,2025-06-25_18-54-15,1750902855,1.576686143875122,300.130872964859,28682,MacBook-Pro.local,127.0.0.1,300.130872964859,32,3.790344596314753,0.0009309747587003565,3.7892990512188915,2.7438037047292565,1.043587800696437,0.0008118913067193511,1207.4549918174744,0.10690301908747832,6.0226904838558676e-05,9.632186671025351e-05,8.645799971418455e-05,23.0,50.23338333529553,928.923401702813,41,80.08857142857143,556.1290786266327,121000.0,50.23338333529553,0.04050089239013947,228,0.6560409149256707,0.00023562500427942723,31.0,2000.0,1677.0,2005.3654914015215,2,4,0,13.9,52.29999999999999,373958.0,40.17428571428571,40.17428571428571,77.50857142857143,74.28857142857143,6.317229724605588e-05,0.00014240756238194737,112991.00000000003,72550.0,72550.0,115867.0,224.60329577139447,158.15223212037768,162.64800688130515,383.5198688002995,1852.0,946.0,946.0,1848.0,305.44851571287427,5592.0,2106240,58112,32910000,0,908000,2000.0,2000.0,149763,1094720.4542940313,70063.31005440607,70063.07289873232,2844.1511,32.0,0.0044747563,128.0,58112,1.0,9.528069,0.0003,0.01,0.014899984,4.451357,0.21891794,0.10042596,0.05625000223517418,2106240,9.541283,149763,70063.33699613319,3.9165024645626545e-06,3.987450327258557e-05,2.2208500013221055e-05,7.811999239493161e-06,2.3312499251915142e-05,5.3960029617883265e-06,0.153382504529137,2.474752094033334e-06,1.6840712211120654e-06,1.1875098731534581e-05,8.101340189610313e-06,2.5898093189361454e-06,9.791165652260682e-06,5.214448904301284e-06,3.968687358711834e-05,6.558899666420581e-07,3.451242922040944e-05,1.774741021480292e-05,1.1446910117546417e-05,1.6247409253138416e-06,0.0026577223040198618,1.0762019683307218e-05,0.0001148516258633901,0.0049931224628286695,3.907554407795966e-06,0.09184897924871509,0.013389089179956223,0.03980243881211335,0.0003806521960503359
1,123000.0,False,33,c13e0_00000,2025-06-25_18-54-16,1750902856,1.6876111030578613,301.81848406791687,28682,MacBook-Pro.local,127.0.0.1,301.81848406791687,33,3.7692958245115906,0.0009217179311175895,3.7682592611267123,2.7221489914319656,1.04420073852944,0.0008115611436604883,1188.3789831399918,0.10690682092417492,5.9467778477528715e-05,0.00010062027553662684,8.645799971418455e-05,30.0,35.87463746947306,852.268805435896,40,68.41999999999999,518.0726432800293,123000.0,35.87463746947306,0.035106189159996574,99,0.5716245523251395,0.00023562500427942723,32.0,2000.0,1706.9999999999995,1970.1536948380651,2,4,0,14.8,52.3,380112.0,41.28,41.44,67.22,63.11999999999999,6.25023369183808e-05,0.00013965900800803793,114782.0,73772.00000000001,73780.00000000001,117777.99999999997,198.07331050157543,156.05197437405587,165.2870163321495,332.8565042567253,1790.9999999999998,1222.0,1230.0,1910.9999999999998,283.28862463355074,6153.999999999999,2170496,64256,33914000,0,1004000,2000.0,2000.0,149763,1093800.4072021283,70004.10432860337,70004.04500542584,1986.699,33.0,0.021871496,128.0,64256,1.0,8.940274,0.0003,0.01,0.03658546,4.7790527,0.2121331,0.18575072,0.08437500149011612,2170496,8.975969,149763,70004.05098820761,3.9165024645626545e-06,3.987450327258557e-05,2.2208500013221055e-05,7.811999239493161e-06,2.3312499251915142e-05,5.3960029617883265e-06,0.15361371614384478,2.4756867373047022e-06,1.6682037587894231e-06,1.2141496431991534e-05,8.124835078363165e-06,2.5856206255774614e-06,9.329462474831602e-06,5.567360138460625e-06,3.59195051266485e-05,6.437077028562286e-07,3.6544452195076984e-05,1.6272219538617933e-05,1.2247263585338646e-05,1.6689040826183565e-06,0.0026595400810245015,1.0822319420502905e-05,0.00011466477961650383,0.005002467068190311,3.893898876834679e-06,0.09205357487619548,0.013390327038200466,0.03981630734401167,0.0003818227541149606
1,125000.0,False,34,c13e0_00000,2025-06-25_18-54-18,1750902858,1.6412019729614258,303.4596860408783,28682,MacBook-Pro.local,127.0.0.1,303.4596860408783,34,3.7479968858465136,0.0009125457517852679,3.7469695310154423,2.7012368198476686,1.0438215861441422,0.0008104838721963794,1195.4789493083954,0.10715905168215409,9.73493346104539e-05,9.914678256364796e-05,8.645799971418455e-05,28.999999999999996,37.061500342140484,794.9173471140862,40,68.58,339.55819392204285,125000.0,37.061500342140484,0.03731508417942678,232,0.555107368250647,0.00023562500427942723,33.0,2000.0,1736.0,1936.7989830935478,2,4,0,14.45,52.3,386137.00000000006,41.4,41.56,64.84,63.94,6.254969728607301e-05,0.00013952026940434187,116664.0,74922.00000000001,74930.00000000001,119621.0,170.67639662265776,147.4470515871048,166.13630726575852,310.6575940227509,1882.0,1150.0,1150.0,1843.0,256.47362538099287,6025.0,2233472,62976,34898000,0,984000,2000.0,2000.0,149763,1093877.579196609,70008.65794248431,70008.67942904991,2373.0881,34.0,0.008221424,128.0,62976,1.0,9.393496,0.0003,0.01,0.14331234,6.4267664,0.42037222,0.06637955,0.08437500149011612,2233472,9.533297,149763,70008.52820801965,3.9165024645626545e-06,3.987450327258557e-05,2.2208500013221055e-05,7.811999239493161e-06,2.3312499251915142e-05,5.3960029617883265e-06,0.15302520856244772,2.4820729997720226e-06,1.6625370834105411e-06,1.2011286462685574e-05,8.13748322288057e-06,2.5639292512199423e-06,9.343615476628916e-06,5.495430477723891e-06,3.6184586526616864e-05,6.394280759993609e-07,3.626954002970234e-05,1.6307916430618876e-05,1.2258673168258322e-05,1.6093076238844176e-06,0.002661988010210313,1.0815346269669568e-05,0.00011438479186824338,0.005010246567500276,3.881209869668054e-06,0.0914558887174447,0.013384514187857832,0.03982113636051994,0.0003827495265430727
1,127000.0,False,35,c13e0_00000,2025-06-25_18-55-21,1750902921,63.38455772399902,366.8442437648773,28682,MacBook-Pro.local,127.0.0.1,366.8442437648773,35,4.344341398657993,0.0009034636242684779,4.343322775285274,3.2977293070691522,1.0436779594527084,0.0008124036134438832,1205.8151817321777,0.10656887508009379,5.7084979115613007e-05,9.804038940201508e-05,9.132480045082048e-05,28.0,45.96181904743887,758.4993905115127,40,70.32,339.55819392204285,127000.0,45.96181904743887,0.03609384264025721,232,0.5214445265157859,0.00024004180449992406,34.0,2000.0,1764.0,2000.7955898374232,1,4,0,11.072222222222223,52.68,392001.0,40.26,40.26,65.12,67.20000000000002,6.182146323600204e-05,0.00013575605204504455,118549.0,75992.00000000001,76000.00000000001,121460.0,148.76670080184937,152.841855840683,159.77945290565495,297.11138097286226,1885.0,1070.0,1070.0,1839.0000000000002,294.2272595071792,5863.999999999999,2294656,61184,35854000,0,956000,2000.0,2000.0,149763,1091674.9639820114,69868.03241850599,69867.87255067349,2365.8193,35.0,0.025519844,128.0,61184,1.0,8.925064,0.0003,0.01,-0.10468599,12.177767,0.28705865,0.1320315,0.12656250596046448,2294656,8.819661,149763,69868.04692155028,4.0667015127837655e-06,3.809110203292221e-05,2.2708300093654543e-05,8.070400508586317e-06,2.4187498638639227e-05,5.6544042308814825e-06,0.15242299314683458,2.4467421876441445e-06,1.7235855756226793e-06,1.1643361565425161e-05,7.89167176018691e-06,2.5895649985784642e-06,9.365645234940306e-06,5.179288524986472e-06,3.60654416796657e-05,6.525005990241051e-07,3.393535341312466e-05,1.619704669671522e-05,1.1499918216833462e-05,1.5961894302149152e-06,0.002662637300131129,1.0796772796408024e-05,0.00011416135389742751,0.0050155011818073325,3.864897724018746e-06,0.09085705233028799,0.013382489046003416,0.03981422291691059,0.0003833516212491927
1,129000.0,False,36,c13e0_00000,2025-06-25_18-55-25,1750902925,3.917310953140259,370.7615547180176,28682,MacBook-Pro.local,127.0.0.1,370.7615547180176,36,4.340051085091421,0.01807683981801736,4.321858376282454,3.2760105498384853,1.0439258765281771,0.0008148874972853268,1192.0619535446167,0.10577976723388922,6.130459658461601e-05,9.864043621021428e-05,9.862500155577436e-05,30.0,35.477520418122424,765.7046961486336,41,64.82,471.89606976509094,129000.0,35.477520418122424,0.03309530596015975,99,0.6301670367576687,0.0002466670048306696,35.0,2000.0,1793.9999999999995,1983.7942494969723,1,4,0,15.433333333333332,52.31666666666666,398192.0,40.31999999999999,40.31999999999999,64.78,61.74,6.115677418889693e-05,0.0001376651099497557,120419.00000000003,77168.00000000001,77176.00000000001,123428.99999999997,145.28301105976104,152.66486491203307,160.04957970619205,307.7072406899929,1870.0,1175.9999999999998,1175.9999999999998,1969.0000000000002,257.62632407188414,6191.000000000001,2359296,64640,36864000,0,1010000,2000.0,2000.0,149763,1093482.0209142005,69983.53268263026,69983.41406253619,2445.521,36.0,0.015673853,128.0,64640,1.0,9.15321,0.0003,0.01,-0.15401517,6.738743,0.028387746,-0.041920304,0.12656250596046448,2359296,9.000894,149763,69983.5197059647,4.292000085115433e-06,3.5416000173427165e-05,2.3458000214304775e-05,8.458002412226051e-06,2.5499997718725353e-05,6.042006134521215e-06,0.15189115279535376,2.4432550882260067e-06,1.6584107472457037e-06,1.1869563155904396e-05,7.895204071131013e-06,2.5758148859011737e-06,9.068015580918692e-06,5.31631103907359e-06,3.6199253493585996e-05,6.365262572499208e-07,3.5939745427887205e-05,1.578534537652082e-05,1.2102987952971477e-05,1.558324591262124e-06,0.002665783427186242,1.0782135086433445e-05,0.00011386641036764904,0.005023625750033005,3.854168706171889e-06,0.09029346638699108,0.013387014995531943,0.039830081937769865,0.00038441352509777587
1,38000.0,False,37,c13e0_00000,2025-06-25_18-55-27,1750902927,1.6018469333648682,372.36340165138245,28682,MacBook-Pro.local,127.0.0.1,372.36340165138245,37,4.312645335490546,0.017937403499837034,4.2945917362696715,3.2489438160001183,1.0437198723528798,0.00081713028234713,1186.4215178489685,0.10632227878469394,6.131480849453936e-05,9.533914948537844e-05,8.650000017951243e-05,23.999999999999996,42.08844044620959,839.322883492112,40,79.36000000000001,68.14964997768402,38000.0,42.08844044620959,0.039794092209886,235,0.3346759965220711,0.0002191045023209881,36.0,2000.0,535.0,1985.8823245192161,2,5,0,21.450000000000003,52.4,113931.00000000003,40.370000000000005,40.370000000000005,73.1,74.63,6.183873537905678e-05,0.00014106006706223254,35383.0,21600.0,21640.0,35308.0,177.4034955084324,151.4998360311985,157.88659149885177,352.53296007215977,1848.0,991.0,991.0,1837.0,275.76015023708345,5667.0,2418304,59008,37786000,0,922000,2000.0,2000.0,149763,1092071.8183298004,69893.17627615365,69893.08170396285,2213.0034,37.0,0.012489394,128.0,59008,1.0,9.304203,0.0003,0.01,0.050059214,23.538874,0.09582677,0.1989041,0.12656250596046448,2418304,9.354883,149763,69893.05114362063,3.7295030779205263e-06,3.204149834346026e-05,2.1853997168364003e-05,7.624999852851033e-06,2.1895997633691877e-05,5.375004548113793e-06,0.15201986834741968,2.453107786980478e-06,1.6634311219321464e-06,1.1664635554066261e-05,7.938419616659403e-06,2.5618027692420405e-06,9.381514464524423e-06,5.238892191148199e-06,3.889671648682889e-05,6.357204991431319e-07,3.510065535989109e-05,1.7121618800714483e-05,1.1694705189394833e-05,1.5865234687589953e-06,0.0026655939329162633,1.0795973785923077e-05,0.0001135952463211837,0.005023721152482408,3.841877000711893e-06,0.09046106339309619,0.013370999015597641,0.03980814861838581,0.00038446063986354793
1,40000.0,False,38,c13e0_00000,2025-06-25_18-55-28,1750902928,1.593087911605835,373.9564895629883,28682,MacBook-Pro.local,127.0.0.1,373.9564895629883,38,4.285429378385639,0.01775807821484607,4.26755492515694,3.2226674699201143,1.0429577057093276,0.0008165706394903006,1186.4215178489685,0.10632464748762131,9.028945026114918e-05,9.724116483162621e-05,8.650000017951243e-05,26.000000000000004,41.08407650839488,920.4972604238985,40,81.7,513.4077491760254,40000.0,41.08407650839488,0.042043952378444376,100,0.2979039031551015,0.0002191045023209881,37.0,2000.0,561.0,1986.6318154097162,2,5,0,36.65,52.650000000000006,119715.00000000003,40.42,40.42,81.60000000000001,75.61999999999999,6.17389061881364e-05,0.00013659823007965054,37208.0,22593.999999999996,22633.999999999996,37278.99999999999,225.18013709545136,149.12304708957672,155.6972275495529,390.4968482315541,1825.0,994.0,994.0,1970.9999999999998,258.4431109905243,5783.999999999999,2478592,60288,38728000,0,942000,2000.0,2000.0,149763,1091405.7085789843,69850.49604520595,69850.42362311829,1987.9004,38.0,0.008711725,128.0,60288,1.0,9.4170265,0.0003,0.01,-0.06660232,4.4939,0.10789823,0.23184568,0.12656250596046448,2478592,9.350448,149763,69850.36641182094,3.7295030779205263e-06,3.204149834346026e-05,2.1853997168364003e-05,7.624999852851033e-06,2.1895997633691877e-05,5.375004548113793e-06,0.15140390591400774,2.4231649320597804e-06,1.63976463752112e-06,1.2072731334658308e-05,7.95578380827867e-06,2.5728973773596456e-06,9.325177424615028e-06,5.211582939516323e-06,3.6654768310540425e-05,6.393543996677588e-07,3.438288876991771e-05,1.625751793687599e-05,1.1505771944357451e-05,1.5944347689651672e-06,0.0026655288236078238,1.0779684056323672e-05,0.00011341679387289166,0.0050278651909685034,3.828868275759515e-06,0.08986406650913906,0.013361103605443299,0.039795257132217376,0.0003849856134480891
1,42000.0,False,39,c13e0_00000,2025-06-25_18-55-30,1750902930,1.6132781505584717,375.56976771354675,28682,MacBook-Pro.local,127.0.0.1,375.56976771354675,39,4.258684511691761,0.017580549092724267,4.240987407995348,3.1961998214709295,1.042852137402265,0.0008199470130510863,1203.9994180202484,0.10651796663297515,6.411793684914741e-05,0.00010034418468737217,8.650000017951243e-05,28.0,35.131344309558685,835.1751495814324,40,68.84,512.2444766759872,42000.0,35.131344309558685,0.03607551428125588,112,0.2935719549000007,0.0002191045023209881,38.0,2000.0,589.0,1971.6269599650186,2,5,0,21.7,53.166666666666664,125831.00000000003,40.14,40.14,68.55999999999999,64.66000000000003,6.174946453128033e-05,0.00013777145720446994,39067.0,23742.999999999996,23782.999999999996,39237.99999999999,183.29181578159333,161.51931435585024,163.19201345443724,327.1720068669319,1859.0000000000002,1149.0000000000002,1149.0000000000002,1959.0000000000002,285.88502195835116,6116.000000000001,2542336,63744,39724000,0,996000,2000.0,2000.0,149763,1091112.902942266,69831.33885958884,69831.41598988573,2006.1265,39.0,0.006782974,128.0,63744,1.0,8.811841,0.0003,0.01,0.15179223,8.644462,0.22319467,0.25532615,0.12656250596046448,2542336,8.962259,149763,69831.06438306988,3.7295030779205263e-06,3.204149834346026e-05,2.1853997168364003e-05,7.624999852851033e-06,2.1895997633691877e-05,5.375004548113793e-06,0.150847424354873,2.4592872627063857e-06,1.6399921527585537e-06,1.1980044264719977e-05,8.057120751939825e-06,2.537661065652029e-06,9.309718190564786e-06,5.333569228276497e-06,3.5868366065464775e-05,6.319494426040122e-07,3.583916518206035e-05,1.6260988474366267e-05,1.2099585292819126e-05,1.5978519034770283e-06,0.0026669797853279267,1.0753137179601835e-05,0.00011311846589872857,0.00503439861906051,3.8134896190204276e-06,0.08928527418405235,0.013360435069374668,0.039810233730874375,0.00038605992730256173
1,44000.0,False,40,c13e0_00000,2025-06-25_18-55-32,1750902932,1.543712854385376,377.11348056793213,28682,MacBook-Pro.local,127.0.0.1,377.11348056793213,40,4.231508649914813,0.017404793601813948,4.21398689516538,3.1699294149261856,1.0421193751983053,0.0008194725428800396,1205.5992336273193,0.10651206433050882,5.808186357349987e-05,9.890449935592689e-05,8.650000017951243e-05,26.000000000000004,39.55244942392726,833.6561665153504,40,72.96000000000001,462.15327966213226,44000.0,39.55244942392726,0.036825614760164174,112,0.2898415040694977,0.0002191045023209881,39.0,2000.0,615.0,1985.4949342219224,2,5,0,14.2,53.0,131667.00000000003,43.4,43.86,68.66,65.46,6.157680074457905e-05,0.00013553482182126965,40806.0,24864.0,24920.0,41076.99999999999,173.17750913143158,154.92439190864567,183.71720260620114,321.83706292629245,1739.0000000000002,1121.0,1137.0,1839.0000000000002,312.4221232318878,5836.000000000001,2603136,60800,40674000,0,950000,2000.0,2000.0,149763,1091078.013639227,69829.24292745208,69829.26593929117,1773.7734,40.0,0.0062251263,128.0,60800,1.0,8.9521885,0.0003,0.01,-0.1403394,9.007936,0.07717867,0.37127233,0.12656250596046448,2603136,8.811865,149763,69829.44358571828,3.7295030779205263e-06,3.204149834346026e-05,2.1853997168364003e-05,7.624999852851033e-06,2.1895997633691877e-05,5.375004548113793e-06,0.15026448969138165,2.4651007067928556e-06,1.6590391229989813e-06,1.1786248409977884e-05,7.937782057750245e-06,2.539654529711791e-06,9.253579243862652e-06,5.341908557906095e-06,3.514227229620582e-05,6.303226774367168e-07,3.5011933637903e-05,1.599771165220983e-05,1.1705871842193443e-05,1.5979178798997524e-06,0.0026664762374289056,1.0725195834677118e-05,0.0001128539512557078,0.005044243382864172,3.7995247264287794e-06,0.08871317936219252,0.013348309468687565,0.03980259181358719,0.00038680474799243587
1,46000.0,False,41,c13e0_00000,2025-06-25_18-55-33,1750902933,1.6025419235229492,378.7160224914551,28682,MacBook-Pro.local,127.0.0.1,378.7160224914551,41,4.205195000075673,0.017230801505787357,4.187846793713761,3.143948332856879,1.041955646866322,0.000821151987515234,1176.1929214000702,0.10647437256130761,5.930566722657447e-05,0.0001001690550873477,8.650000017951243e-05,28.0,37.692555394421106,855.5416403031351,40,72.92,415.88199615478516,46000.0,37.692555394421106,0.03700717332059867,108,0.2858532645972886,0.0002191045023209881,40.0,2000.0,643.0,1975.8793628844924,2,5,0,16.35,53.05,137692.00000000003,40.22,40.22,72.64,68.16,6.218263551131924e-05,0.00013781667103297143,42634.0,25985.0,26041.0,43031.99999999999,188.90449497699737,156.6363603878021,158.3543905878067,351.6463942360878,1828.0,1121.0,1121.0,1955.0,304.4614108037949,6025.0,2665984,62848,41656000,0,982000,2000.0,2000.0,149763,1090842.2699609762,69813.98543640989,69814.10269490801,1492.713,41.0,0.008922995,128.0,62848,1.0,8.932378,0.0003,0.01,0.093322605,3.6340268,0.19478063,0.41715646,0.12656250596046448,2665984,9.024882,149763,69814.13262139216,3.7295030779205263e-06,3.204149834346026e-05,2.1853997168364003e-05,7.624999852851033e-06,2.1895997633691877e-05,5.375004548113793e-06,0.14971649229443393,2.4966767580429585e-06,1.6653094910044624e-06,1.197606460695717e-05,8.089025264738003e-06,2.5844422110952274e-06,9.469928278891434e-06,5.340466015886472e-06,3.625049915624493e-05,6.37257142733956e-07,3.557226159813718e-05,1.6322080284376573e-05,1.1856120893922787e-05,1.6044992226163691e-06,0.0026685148050083307,1.0753783894959444e-05,0.00011259124174981069,0.0050495176190664915,3.7869394514596566e-06,0.08815238423853902,0.013339845123968838,0.03981647089545216,0.00038757336045426393
1,48000.0,False,42,c13e0_00000,2025-06-25_18-55-35,1750902935,1.6594569683074951,380.3754794597626,28682,MacBook-Pro.local,127.0.0.1,380.3754794597626,42,4.179714758414895,0.01705878391072317,4.162538140356621,3.119148380778349,1.041444639567654,0.0008211721376391586,1183.673133611679,0.10656296516134359,6.072773807654163e-05,0.0001003212834845277,8.650000017951243e-05,28.0,36.44023091391701,864.8463130807879,40,70.6,561.2745554447174,48000.0,36.44023091391701,0.03659941411999171,99,0.28243953365692887,0.0002191045023209881,41.0,2000.0,671.0,1968.6070986813438,2,5,0,15.799999999999999,53.06666666666666,143652.00000000003,41.1,41.3,69.48,64.82,6.261668268867166e-05,0.00013903008887363602,44428.0,27098.0,27164.0,44962.0,207.2061113882065,159.4817820739746,166.96567090034486,331.19274673461916,1794.0000000000002,1113.0,1123.0,1930.0,320.4071442079544,5960.0,2728064,62080,42626000,0,970000,2000.0,2000.0,149763,1089144.491830093,69705.84283764337,69705.64035270525,2157.1892,42.0,0.01707491,128.0,62080,1.0,9.14157,0.0003,0.01,-0.22637492,5.3714366,-0.09418225,0.29907656,0.12656250596046448,2728064,8.918298,149763,69706.01130824996,3.7295030779205263e-06,3.204149834346026e-05,2.1853997168364003e-05,7.624999852851033e-06,2.1895997633691877e-05,5.375004548113793e-06,0.14915782195153074,2.511752230194465e-06,1.691425994469763e-06,1.1934893693717169e-05,8.20192224366825e-06,2.6006560052998792e-06,9.508248627629482e-06,5.420707006807011e-06,3.6547081758793455e-05,6.434841329445881e-07,3.594320195572181e-05,1.63754854284662e-05,1.2002914299963803e-05,1.6333788733023618e-06,0.0026691200669566335,1.0741666020064448e-05,0.0001123240793228969,0.005052423692918779,3.7715700827520087e-06,0.08758604956614993,0.013333576672693533,0.03982725285649285,0.00038817637682889226
1,50000.0,False,43,c13e0_00000,2025-06-25_18-55-37,1750902937,1.597870111465454,381.973349571228,28682,MacBook-Pro.local,127.0.0.1,381.973349571228,43,4.153872454170751,0.01688823898164873,4.136865828113078,3.093759617800526,1.041157835671988,0.0008211716662140402,1183.673133611679,0.10663819123494174,6.0559139589659324e-05,0.00010050266786919839,8.650000017951243e-05,28.0,35.437248494581446,844.2322177290916,40,71.48,271.41235542297363,50000.0,35.437248494581446,0.036749701580411055,111,0.279600469448434,0.0002191045023209881,42.0,2000.0,699.0,1929.9640636679503,2,5,0,14.8,53.0,149647.00000000003,40.17999999999999,40.17999999999999,70.76,67.1,6.288505735124492e-05,0.0001405948220586841,46280.0,28195.0,28261.0,46911.0,183.7504957985878,162.10399127960207,164.43643521785737,333.94129554748525,1852.0,1097.0,1097.0,1949.0000000000002,230.86124679803848,5995.0,2790656,62592,43604000,0,978000,2000.0,2000.0,149763,1087708.3604747849,69614.14536830361,69613.90024026872,1957.4744,43.0,0.026681047,128.0,62592,1.0,8.125504,0.0003,0.01,-0.10955132,22.383568,-0.06803477,0.25040585,0.18984375894069672,2790656,8.020009,149763,69614.26792965712,3.7295030779205263e-06,3.204149834346026e-05,2.1853997168364003e-05,7.624999852851033e-06,2.1895997633691877e-05,5.375004548113793e-06,0.14861871289198084,2.5123365462021663e-06,1.6695966905203437e-06,1.2045408149493885e-05,8.25728966770016e-06,2.5988884038401197e-06,9.502615729071995e-06,5.4834846267915345e-06,3.646986780065995e-05,6.443323213089707e-07,3.7003636484027326e-05,1.6413967597218505e-05,1.2224354258945333e-05,1.6407035003457453e-06,0.0026692680362371754,1.0718419311014929e-05,0.00011205333854542126,0.005060468625985781,3.7576044172495538e-06,0.08704129907045849,0.01332767382594709,0.039830079907904214,0.00038968461306632167
1,52000.0,False,44,c13e0_00000,2025-06-25_18-55-38,1750902938,1.6114540100097656,383.5848035812378,28682,MacBook-Pro.local,127.0.0.1,383.5848035812378,44,4.128424168379004,0.01671940034187434,4.111586159421936,3.068652215372528,1.0409825614852255,0.0008213178694936725,1189.8313493728638,0.10668410264078458,5.770430357395741e-05,9.82359460741591e-05,8.650000017951243e-05,28.999999999999996,37.3644395496568,861.920184299946,40,67.42000000000002,425.22179782390594,52000.0,37.3644395496568,0.03466543243979686,105,0.2763783245799977,0.0002191045023209881,43.0,2000.0,728.0,1953.0078335825215,2,5,0,14.399999999999999,53.1,155679.00000000003,40.05999999999999,40.05999999999999,67.26,63.04,6.208561592766927e-05,0.0001368539489942044,48112.0,29310.0,29376.0,48881.0,205.08085406064987,168.5943024969101,167.0240749359131,321.22095485687254,1832.0,1115.0,1115.0,1970.0,278.10359834432603,6032.0,2853632,62976,44588000,0,984000,2000.0,2000.0,149763,1086734.9258170773,69551.93538089757,69551.6215478936,1519.2932,44.0,0.017223917,128.0,62976,1.0,8.590097,0.0003,0.01,0.017399421,26.126074,0.055550255,0.41211325,0.18984375894069672,2853632,8.610211,149763,69552.0837917537,3.7295030779205263e-06,3.204149834346026e-05,2.1853997168364003e-05,7.624999852851033e-06,2.1895997633691877e-05,5.375004548113793e-06,0.14809323076309508,2.4800441512455707e-06,1.6732994757977215e-06,1.1955101196359093e-05,8.032669356536165e-06,2.5463997722955094e-06,9.221779206808926e-06,5.454608935374139e-06,3.545855626053076e-05,6.316125968089727e-07,3.539621924565939e-05,1.6094097422651017e-05,1.1870115314609048e-05,1.59356088820556e-06,0.0026698507659044914,1.069040517650259e-05,0.00011185613516790292,0.005068081439698593,3.7441983766756144e-06,0.08649421649975053,0.01332850041767081,0.03984256202883265,0.0003907169269946225
1,54000.0,False,45,c13e0_00000,2025-06-25_18-56-42,1750903002,63.48252511024475,447.06732869148254,28682,MacBook-Pro.local,127.0.0.1,447.06732869148254,45,4.721944953775215,0.01655224966845666,4.705273579077777,3.6621566573888504,1.0411594742003942,0.0008250071908445708,1189.8313493728638,0.10688529643856706,5.563076673474696e-05,9.682894533009857e-05,7.922499935375527e-05,26.000000000000004,41.336390246324164,870.4258602976801,40,75.08,-199.62596476078033,54000.0,41.336390246324164,0.037373275041609304,113,0.45667982543865027,0.0002025670008151792,44.0,2000.0,754.0,2039.372308749915,1,5,0,13.476666666666668,52.86111111111109,161595.00000000003,40.14,40.14,74.8,70.2,5.9760691563081944e-05,0.0001315091399839852,49968.0,30360.0,30426.0,50841.0,184.78630474090576,159.6551130056381,163.06295629024507,362.92148626089096,1855.9999999999998,1050.0,1050.0,1960.0,387.72471346855156,5916.000000000001,2915200,61568,45550000,0,962000,2000.0,2000.0,149763,1087551.8367323757,69604.00053413417,69603.75003341635,1298.7446,45.0,0.004453884,128.0,61568,1.0,8.823025,0.0003,0.01,-0.10997481,15.104502,0.025879921,0.48196375,0.09492187947034836,2915200,8.713637,149763,69604.07856519135,3.3920048736035822e-06,3.001679724548012e-05,2.089159534079954e-05,7.125198317226023e-06,1.973359758267179e-05,4.97480359626934e-06,0.1482970997054764,2.3613109246211098e-06,1.6106395568763805e-06,1.1411382071075237e-05,7.776742569217416e-06,2.4422336088933996e-06,8.981295180651781e-06,5.066169952349837e-06,3.463833527510123e-05,6.14426378931311e-07,3.3296454870687145e-05,1.5631201217858412e-05,1.1238037036759617e-05,1.5447113241829136e-06,0.0026708714282024275,1.0681831180799531e-05,0.00011158007382859185,0.005067672295271851,3.728846418504248e-06,0.08671692058476943,0.01331961499351188,0.039831866828587546,0.0003917297577168019
1,54000.0,False,46,c13e0_00000,2025-06-25_18-56-43,1750903003,1.6514198780059814,448.7187485694885,28682,MacBook-Pro.local,127.0.0.1,448.7187485694885,46,4.6912210759074835,0.01643162759180663,4.674670126617002,3.6313499324749197,1.0413585873783766,0.0008264417089040716,1179.8906662464142,0.10702663142811757,6.159191933085858e-05,9.64015943495146e-05,8.081250052782707e-05,32.0,34.045718882675835,717.0597878901162,40,60.035555555555554,-199.62596476078033,54000.0,34.045718882675835,0.030637868508007763,113,0.367288757018651,0.0001919999995152466,45.0,2000.0,767.0000000000002,2056.9591452310383,2,6,0,23.25,52.9,163697.00000000003,40.10444444444445,40.10444444444445,59.51111111111111,57.571111111111115,6.118403885236938e-05,0.000140981624131313,49135.0,31127.0,31257.0,52178.000000000015,133.42332244263756,164.71970333894092,157.3186979638206,261.59806388616556,1869.0000000000002,1265.0,1265.0,1958.0,301.1857694583469,6357.0,2981632,66432,46588000,0,1038000,2000.0,2000.0,149763,1087835.196611626,69622.03695690319,69621.82570756412,1042.7776,46.0,0.009982196,128.0,66432,1.0,8.008123,0.0003,0.01,-0.13571519,7.942672,0.18072791,0.4953062,0.09492187947034836,2981632,7.8715487,149763,69622.10252988,3.1460040190722793e-06,2.9020997317275026e-05,2.0291998225729913e-05,6.374997610691935e-06,1.8562495824880898e-05,4.8125002649612725e-06,0.1478140891184665,2.4386972555046766e-06,1.6198680432351674e-06,1.1764408258493424e-05,8.008444912035717e-06,2.4896706136609136e-06,9.197321825185001e-06,5.4061061900924295e-06,3.7403594567635476e-05,6.313927347147142e-07,3.6871298449281334e-05,1.6709211442702755e-05,1.1992528965419196e-05,1.5662438840688177e-06,0.002671375623983502,1.0661682839178894e-05,0.00011134594307497071,0.005078167662382469,3.7153079896442705e-06,0.08618327179887558,0.013322515923534598,0.03986885316029346,0.0003923716301141612
1,56000.0,False,47,c13e0_00000,2025-06-25_18-56-45,1750903005,1.6651830673217773,450.3839316368103,28682,MacBook-Pro.local,127.0.0.1,450.3839316368103,47,4.660936265148406,0.016267354235889413,4.644549466190815,3.60128073940018,1.0413036306745977,0.0008264872917906396,1216.6338272094727,0.10725241641035085,5.9133987888190743e-05,0.00010311295364935986,8.081250052782707e-05,30.0,35.17295800498893,846.064586262703,40,68.36,-40.246142864227295,56000.0,35.17295800498893,0.03704409337966354,109,0.3259864801702487,0.0001919999995152466,46.0,2000.0,797.0000000000002,2003.896610535955,2,6,0,27.166666666666668,52.9,169877.00000000003,40.06,40.06,68.12,64.0,6.376457271810651e-05,0.0001422545307359605,50986.0,32311.999999999993,32441.999999999993,54137.00000000003,191.96486062526708,168.72567453861237,163.56043546676636,321.81361738681795,1850.9999999999998,1185.0,1185.0,1959.0000000000002,286.2064937400818,6180.0,3046144,64512,47596000,0,1008000,2000.0,2000.0,149763,1086557.864774582,69540.11731221415,69539.98521465056,2045.5658,47.0,0.014704824,128.0,64512,1.0,7.942973,0.0003,0.01,-0.1164567,22.605366,0.025663637,0.38293922,0.09492187947034836,3046144,7.827656,149763,69539.98405437522,3.1460040190722793e-06,2.9020997317275026e-05,2.0291998225729913e-05,6.374997610691935e-06,1.8562495824880898e-05,4.8125002649612725e-06,0.14731487239733096,2.5144799555403325e-06,1.720021421989887e-06,1.2285327033479255e-05,8.37387666063502e-06,2.574860820680577e-06,9.8344998719711e-06,5.520935676989217e-06,3.6874055783313786e-05,6.566228876207338e-07,3.737368718390111e-05,1.6727324215445606e-05,1.2243157468370906e-05,1.6369730538326191e-06,0.0026732485377578595,1.063839602539125e-05,0.00011110456362571196,0.005085526815764513,3.6989848850035925e-06,0.0856527657508711,0.013329376184288443,0.03988404045867193,0.0003933174938199449
1,58000.0,False,48,c13e0_00000,2025-06-25_18-56-47,1750903007,1.6434459686279297,452.02737760543823,28682,MacBook-Pro.local,127.0.0.1,452.02737760543823,48,4.630739608326929,0.016104721523585303,4.614515321118887,3.571487532836187,1.0410577322778816,0.0008295257588702725,1188.6047220230103,0.10757665108412236,7.802804574496484e-05,9.89496915618287e-05,8.081250052782707e-05,28.999999999999996,34.54643518982988,812.6392300128936,40,68.9,225.82083356380463,58000.0,34.54643518982988,0.0369790083602129,105,0.32086644344005,0.0001919999995152466,47.0,2000.0,826.0000000000003,1981.5418009291152,2,6,0,24.9,52.9,175941.00000000003,40.18,40.18,68.66000000000001,64.94,6.184870855579049e-05,0.0001366206167674597,52839.0,33434.99999999999,33564.99999999999,56102.00000000003,164.3623841047287,162.73081672668457,156.54526568889614,329.0007639503479,1853.0,1123.0,1123.0,1965.0,263.6954489707947,6063.999999999999,3109504,63360,48586000,0,990000,2000.0,2000.0,149763,1086589.515506365,69542.11137283835,69542.0208309648,1702.4906,48.0,0.017364707,128.0,63360,1.0,8.242184,0.0003,0.01,0.022205507,8.406012,0.017683564,0.2900694,0.09492187947034836,3109504,8.265861,149763,69541.95700767722,3.1460040190722793e-06,2.9020997317275026e-05,2.0291998225729913e-05,6.374997610691935e-06,1.8562495824880898e-05,4.8125002649612725e-06,0.14681205658328605,2.4616567756101793e-06,1.6605385474972716e-06,1.1951312369536527e-05,8.178152424853486e-06,2.4946211981475996e-06,9.212556932498807e-06,5.423557992115145e-06,3.4925135140970715e-05,6.280675959056235e-07,3.6030573525177544e-05,1.5928503722806963e-05,1.1904480955609897e-05,1.5995895517379785e-06,0.002675259392388358,1.0654512052038285e-05,0.00011088976797454437,0.0050932548776352095,3.6857450714786217e-06,0.08512574601339487,0.01333511742247481,0.03989244380409967,0.00039432806890919616
1,60000.0,False,49,c13e0_00000,2025-06-25_18-56-48,1750903008,1.5547871589660645,453.5821647644043,28682,MacBook-Pro.local,127.0.0.1,453.5821647644043,49,4.599958208073691,0.015943734308297,4.583894385407686,3.541491860847802,1.0404267216250704,0.0008326255012465474,1217.266816020012,0.10752916739137812,5.893424871607791e-05,9.829735101461825e-05,8.081250052782707e-05,27.0,37.076404589760166,920.4808813357354,40,75.14,379.2146394252777,60000.0,37.076404589760166,0.03803258746076608,99,0.31575460546711154,0.0001919999995152466,48.0,2000.0,853.0000000000002,1983.7006198448116,2,6,0,24.15,52.9,181806.00000000003,40.07999999999999,40.07999999999999,75.12,69.66,6.186682339704818e-05,0.0001356829566791604,54664.0,34468.99999999999,34598.99999999999,58074.00000000003,217.1273844885826,168.98776796817782,156.79805258750915,377.5676767873764,1825.0,1034.0,1034.0,1972.0,313.9223983335495,5865.0,3170688,61184,49542000,0,956000,2000.0,2000.0,149763,1086875.0951861753,69560.33648909147,69560.26097959095,1635.2555,49.0,0.0076081413,128.0,61184,1.0,7.475298,0.0003,0.01,-0.10855623,19.804495,-0.26573017,0.25463122,0.09492187947034836,3170688,7.3701205,149763,69560.19706859066,3.1460040190722793e-06,2.9020997317275026e-05,2.0291998225729913e-05,6.374997610691935e-06,1.8562495824880898e-05,4.8125002649612725e-06,0.14627924809749016,2.453359192884488e-06,1.646499633980716e-06,1.1870598207592753e-05,8.029171642841222e-06,2.5223850601165905e-06,9.338243692021736e-06,5.305956178062518e-06,3.544705911633698e-05,6.287729219763527e-07,3.4759707615982543e-05,1.6047352465391387e-05,1.1653871972448258e-05,1.5866999315229654e-06,0.0026754026284793115,1.0640056908051218e-05,0.00011068878029300348,0.00509543899880998,3.672217615055834e-06,0.08460130480327806,0.01332427624825112,0.03989283645603623,0.0003948972882379856
1,62000.0,True,50,c13e0_00000,2025-06-25_18-56-50,1750903010,1.6724848747253418,455.25464963912964,28682,MacBook-Pro.local,127.0.0.1,455.25464963912964,50,4.570657310582964,0.015784351545155235,4.554752683643622,3.511866176399362,1.0409052356587853,0.0008356817462493976,1216.5269417762756,0.10747764851993954,5.9545451571113225e-05,9.914450530149026e-05,8.081250052782707e-05,27.0,36.66727734772461,859.8231509125233,40,68.58000000000001,291.0514144897461,62000.0,36.66727734772461,0.0350944708593306,99,0.31045371460009535,0.0001919999995152466,49.0,2000.0,880.0000000000002,1997.13934481953,2,6,0,22.85,52.9,187839.00000000003,40.12,40.12,68.53999999999998,64.16,6.225455870648122e-05,0.00013717054388181422,56517.0,35572.99999999999,35702.99999999999,60046.00000000003,194.25297716140747,167.90312484264373,163.52783061981197,334.1392178452015,1853.0,1104.0,1104.0,1972.0,242.771485042572,6033.0,3233664,62976,50526000,0,984000,2000.0,2000.0,149763,1086687.2207088065,69548.22988512447,69548.17506007418,1335.6039,50.0,0.028395792,128.0,62976,1.0,6.9601927,0.0003,0.01,-0.05959101,35.222923,-0.14237365,0.47246265,0.14238281548023224,3233664,6.9047213,149763,69548.10382345843,3.1460040190722793e-06,2.9020997317275026e-05,2.0291998225729913e-05,6.374997610691935e-06,1.8562495824880898e-05,4.8125002649612725e-06,0.14653701978647002,2.4790130069701783e-06,1.6567228996761423e-06,1.1895288282233187e-05,8.104472065294797e-06,2.508553651621921e-06,9.439862126119715e-06,5.306881626680902e-06,3.565080490416911e-05,6.318630681098785e-07,3.5333442301990574e-05,1.6229700737893905e-05,1.1867434932298615e-05,1.5904858371496155e-06,0.002676296932191255,1.0615326343845174e-05,0.00011043648252465144,0.005100555438781816,3.6609154520219484e-06,0.08484681967524332,0.013327948485735002,0.039895593921477825,0.00039551540535551525
